query,contrast10,bin,ef_before,ef_after,recall_before,recall_after,cost_before,cost_after,oracle_ef
0,1.856,1,100,2400,0.41,0.94,2486,45981,800
1,2.054,3,100,600,0.77,0.9,2435,13235,150
2,2.213,4,100,300,0.81,0.94,2705,8688,100
3,1.808,1,100,2400,0.25,0.83,2921,48975,2400
4,1.996,2,100,1200,0.64,0.93,2661,26058,300
5,1.783,0,100,3200,0.34,0.84,2485,66967,3200
6,2.525,6,100,150,0.95,0.97,2078,4993,100
7,1.796,1,100,2400,0.26,0.74,2976,52901,not by 3200
8,2.395,6,100,150,0.75,0.77,2521,6129,200
9,1.897,2,100,1200,0.46,0.88,2436,25981,800
10,3.1,8,100,100,0.98,0.98,2434,2434,100
11,1.787,1,100,2400,0.27,0.89,2542,47861,1600
12,2.62,7,100,100,0.85,0.85,2304,2304,100
13,2.217,4,100,300,0.83,0.96,2292,8241,100
14,6.094,9,100,100,1.0,1.0,1206,1206,100
15,2.357,5,100,200,0.94,1.0,1702,4239,100
16,5.251,9,100,100,1.0,1.0,1191,1191,100
17,2.282,5,100,200,0.94,0.97,2585,6291,100
18,2.503,6,100,150,0.76,0.8,2584,6144,150
19,2.738,7,100,100,0.87,0.87,1916,1916,100
20,1.97,2,100,1200,0.52,0.84,2360,23541,800
21,2.076,3,100,600,0.6,0.94,2971,14798,200
22,1.795,1,100,2400,0.46,0.94,2641,43908,800
23,4.773,9,100,100,0.98,0.98,1795,1795,100
24,1.837,1,100,2400,0.36,0.89,2760,46795,1200
25,2.155,4,100,300,0.72,0.85,2380,8564,200
26,2.75,7,100,100,0.88,0.88,2037,2037,100
27,1.933,2,100,1200,0.44,0.87,3050,25166,800
28,2.124,4,100,300,0.76,0.9,2475,8607,150
29,1.72,0,100,3200,0.2,0.78,2845,65462,not by 3200
30,2.197,4,100,300,0.79,0.89,2477,8485,150
31,1.995,2,100,1200,0.66,0.94,2395,22487,400
32,2.639,7,100,100,0.84,0.84,2367,2367,100
33,2.783,7,100,100,0.91,0.91,2327,2327,100
34,2.336,5,100,200,0.56,0.76,2523,7051,300
35,2.282,5,100,200,0.68,0.84,2365,6432,200
36,2.192,4,100,300,0.71,0.82,2389,8843,200
37,2.45,6,100,150,0.89,0.92,2209,5109,100
38,2.287,5,100,200,0.88,0.93,2267,6175,100
39,1.709,0,100,3200,0.21,0.78,3128,63622,not by 3200
40,1.79,1,100,2400,0.26,0.83,2538,48115,1600
41,1.706,0,100,3200,0.2,0.83,3010,62789,2400
42,2.617,7,100,100,0.92,0.92,2146,2146,100
43,3.903,9,100,100,0.92,0.92,1826,1826,100
44,2.434,6,100,150,0.78,0.9,2200,5191,150
45,2.643,7,100,100,0.92,0.92,1957,1957,100
46,1.736,0,100,3200,0.24,0.88,2867,65911,2400
47,2.716,7,100,100,0.81,0.81,2379,2379,100
48,1.888,1,100,2400,0.45,0.96,3644,42574,800
49,4.898,9,100,100,1.0,1.0,1716,1716,100
50,3.601,9,100,100,0.96,0.96,1895,1895,100
51,4.949,9,100,100,0.93,0.93,1667,1667,100
52,2.059,3,100,600,0.78,0.95,2250,11946,150
53,2.077,3,100,600,0.66,0.89,2371,13454,300
54,2.683,7,100,100,0.89,0.89,2294,2294,100
55,2.039,3,100,600,0.66,0.86,2707,15911,600
56,2.197,4,100,300,0.74,0.95,2559,8670,150
57,2.693,7,100,100,0.95,0.95,2407,2407,100
58,1.974,2,100,1200,0.64,0.97,2462,22276,300
59,1.966,2,100,1200,0.43,0.89,2912,26505,600
60,2.519,6,100,150,0.97,0.99,1958,4710,100
61,3.074,8,100,100,0.95,0.95,2106,2106,100
62,1.777,0,100,3200,0.36,0.84,3165,65742,2400
63,2.916,8,100,100,0.99,0.99,1795,1795,100
64,2.065,3,100,600,0.74,0.91,3708,15714,150
65,1.95,2,100,1200,0.42,0.88,2670,26168,600
66,3.787,9,100,100,0.98,0.98,1421,1421,100
67,2.767,7,100,100,0.76,0.76,2310,2310,150
68,2.544,6,100,150,0.9,0.97,2219,5247,100
69,1.783,0,100,3200,0.26,0.82,3133,61873,3200
70,1.858,1,100,2400,0.37,0.92,2980,51305,1600
71,6.587,9,100,100,1.0,1.0,1026,1026,100
72,2.251,5,100,200,0.73,0.86,2019,5444,150
73,2.848,7,100,100,0.97,0.97,2016,2016,100
74,2.11,4,100,300,0.76,0.9,2285,7321,150
75,2.797,7,100,100,0.98,0.98,1111,1111,100
76,2.445,6,100,150,0.8,0.91,2348,5624,100
77,2.087,3,100,600,0.64,0.96,2584,13490,200
78,1.838,1,100,2400,0.45,0.86,4780,50392,2400
79,2.083,3,100,600,0.58,0.87,2724,15266,400
80,1.983,2,100,1200,0.61,0.94,2275,23550,400
81,2.635,7,100,100,0.99,0.99,1987,1987,100
82,1.806,1,100,2400,0.32,0.83,3406,48204,2400
83,3.855,9,100,100,1.0,1.0,1064,1064,100
84,2.306,5,100,200,0.68,0.81,2298,6451,200
85,2.928,8,100,100,0.98,0.98,1859,1859,100
86,2.425,6,100,150,0.93,0.95,2060,4794,100
87,3.004,8,100,100,0.98,0.98,1787,1787,100
88,2.605,7,100,100,0.99,0.99,1985,1985,100
89,2.892,8,100,100,0.83,0.83,2428,2428,100
90,1.767,0,100,3200,0.29,0.89,2715,62627,2400
91,2.766,7,100,100,0.97,0.97,2200,2200,100
92,1.929,2,100,1200,0.53,0.83,2165,22868,1200
93,2.611,7,100,100,0.9,0.9,2213,2213,100
94,1.758,0,100,3200,0.21,0.78,2314,59310,not by 3200
95,2.211,4,100,300,0.8,0.92,2290,8238,100
96,2.27,5,100,200,0.79,0.87,2424,6831,150
97,2.332,5,100,200,0.99,0.99,1655,4314,100
98,1.992,2,100,1200,0.49,0.84,2689,27529,800
99,2.568,6,100,150,0.84,0.91,2223,5252,100
100,2.05,3,100,600,0.44,0.81,2377,15288,600
101,1.645,0,100,3200,0.16,0.81,3930,67755,3200
102,1.947,2,100,1200,0.49,0.79,2809,27562,1600
103,2.193,4,100,300,0.84,0.97,2408,8142,100
104,1.718,0,100,3200,0.32,0.94,2716,56028,1200
105,2.348,5,100,200,0.71,0.75,2587,7232,300
106,2.104,3,100,600,0.54,0.83,2210,13771,600
107,2.679,7,100,100,0.86,0.86,2318,2318,100
108,3.359,8,100,100,0.95,0.95,2029,2029,100
109,2.135,4,100,300,0.61,0.8,2116,6933,300
110,2.057,3,100,600,0.53,0.87,2645,15296,400
111,3.763,9,100,100,0.99,0.99,1513,1513,100
112,2.383,6,100,150,0.57,0.74,2467,5906,200
113,1.882,1,100,2400,0.42,0.89,2536,49807,1600
114,1.853,1,100,2400,0.32,0.89,2909,46258,1200
115,1.838,1,100,2400,0.28,0.84,3088,49891,2400
116,1.941,2,100,1200,0.38,0.85,2422,24580,800
117,1.898,2,100,1200,0.65,0.89,4389,23776,300
118,4.159,9,100,100,0.99,0.99,1607,1607,100
119,1.922,2,100,1200,0.61,0.94,2937,23624,300
120,3.263,8,100,100,0.99,0.99,1675,1675,100
121,2.256,5,100,200,0.82,0.91,2602,6905,100
122,1.91,2,100,1200,0.44,0.89,2688,22581,600
123,1.831,1,100,2400,0.31,0.87,2624,49770,1600
124,2.066,3,100,600,0.73,0.96,2393,12500,150
125,2.236,5,100,200,0.8,0.92,2474,6668,100
126,1.993,2,100,1200,0.61,0.86,2076,25189,300
127,1.685,0,100,3200,0.17,0.82,3371,66341,3200
128,3.357,8,100,100,0.98,0.98,1786,1786,100
129,2.651,7,100,100,0.75,0.75,2207,2207,150
130,9.88,9,100,100,1.0,1.0,1006,1006,100
131,2.976,8,100,100,0.94,0.94,1719,1719,100
132,2.469,6,100,150,0.89,0.93,2277,5409,100
133,8.085,9,100,100,1.0,1.0,1345,1345,100
134,1.943,2,100,1200,0.59,0.91,3766,22933,300
135,1.924,2,100,1200,0.66,0.92,2649,23753,300
136,2.363,5,100,200,0.87,0.91,2602,6934,100
137,1.945,2,100,1200,0.82,0.95,1869,26160,100
138,2.674,7,100,100,0.98,0.98,1657,1657,100
139,1.942,2,100,1200,0.37,0.88,2701,28192,800
140,2.709,7,100,100,0.93,0.93,2078,2078,100
141,2.85,7,100,100,0.96,0.96,2115,2115,100
142,2.163,4,100,300,0.91,0.98,2102,7220,100
143,2.727,7,100,100,0.95,0.95,1281,1281,100
144,2.109,4,100,300,0.68,0.84,2298,7872,200
145,1.77,0,100,3200,0.27,0.86,4004,64372,2400
146,2.109,4,100,300,0.68,0.84,2526,9044,300
147,2.909,8,100,100,0.97,0.97,1621,1621,100
148,3.784,9,100,100,0.89,0.89,2424,2424,100
149,2.337,5,100,200,0.77,0.87,2313,6357,150
150,3.518,9,100,100,1.0,1.0,1400,1400,100
151,2.385,6,100,150,0.81,0.84,2026,4724,100
152,2.427,6,100,150,0.88,0.92,2369,5664,100
153,2.29,5,100,200,0.66,0.71,3135,8313,600
154,1.972,2,100,1200,0.6,0.96,2503,21858,300
155,2.767,7,100,100,0.99,0.99,1917,1917,100
156,2.317,5,100,200,0.61,0.7,3697,8947,600
157,2.496,6,100,150,0.9,0.92,2203,5225,100
158,2.124,4,100,300,0.58,0.88,2298,8112,150
159,2.151,4,100,300,0.73,0.86,2443,8087,200
160,2.442,6,100,150,0.97,0.98,1972,4682,100
161,3.079,8,100,100,0.98,0.98,1762,1762,100
162,2.022,3,100,600,0.71,0.84,2016,12908,400
163,1.757,0,100,3200,0.29,0.82,2941,62085,3200
164,4.039,9,100,100,1.0,1.0,1794,1794,100
165,2.396,6,100,150,0.98,1.0,1987,4804,100
166,2.338,5,100,200,0.78,0.91,2166,5946,150
167,1.698,0,100,3200,0.22,0.79,2794,61112,not by 3200
168,1.621,0,100,3200,0.15,0.77,3296,72584,not by 3200
169,2.233,5,100,200,0.84,0.94,2285,6317,100
170,2.088,3,100,600,0.67,0.85,2401,13664,300
171,2.785,7,100,100,0.94,0.94,2105,2105,100
172,1.583,0,100,3200,0.07,0.76,2785,71393,not by 3200
173,1.819,1,100,2400,0.42,0.93,2893,43188,1200
174,1.765,0,100,3200,0.34,0.95,3929,64052,1600
175,2.168,4,100,300,0.77,0.93,2346,8002,150
176,1.865,1,100,2400,0.29,0.77,3473,55615,3200
177,2.115,4,100,300,0.8,0.88,4303,11423,100
178,2.37,5,100,200,0.79,0.89,2168,6231,150
179,58.84,9,100,100,1.0,1.0,607,607,100
180,2.081,3,100,600,0.69,0.93,2507,14277,200
181,2.479,6,100,150,0.75,0.84,2306,5712,150
182,6.689,9,100,100,1.0,1.0,1273,1273,100
183,1.981,2,100,1200,0.41,0.72,2716,28154,2400
184,2.583,7,100,100,0.95,0.95,2194,2194,100
185,2.281,5,100,200,0.73,0.87,2388,6547,150
186,1.891,2,100,1200,0.56,0.87,2850,26364,600
187,2.948,8,100,100,0.96,0.96,1781,1781,100
188,2.351,5,100,200,0.66,0.73,2559,7269,300
189,1.671,0,100,3200,0.2,0.83,3055,66489,2400
190,1.858,1,100,2400,0.41,0.88,2939,48103,1600
191,1.952,2,100,1200,0.51,0.81,3214,25818,1200
192,2.706,7,100,100,0.88,0.88,2284,2284,100
193,2.043,3,100,600,0.43,0.73,2741,15563,800
194,2.038,3,100,600,0.56,0.87,2099,10682,300
195,3.608,9,100,100,0.91,0.91,2018,2018,100
196,2.369,5,100,200,0.95,0.99,2011,5502,100
197,6.36,9,100,100,1.0,1.0,1432,1432,100
198,1.722,0,100,3200,0.22,0.9,3239,64783,2400
199,2.493,6,100,150,0.95,0.95,2146,5070,100
200,1.875,1,100,2400,0.39,0.89,2721,44449,2400
201,1.988,2,100,1200,0.49,0.94,2634,26515,600
202,3.07,8,100,100,0.64,0.64,2028,2028,300
203,1.832,1,100,2400,0.31,0.83,2957,50146,2400
204,2.778,7,100,100,0.82,0.82,2312,2312,100
205,4.033,9,100,100,1.0,1.0,1082,1082,100
206,2.222,4,100,300,0.87,0.95,2133,7770,100
207,3.305,8,100,100,0.99,0.99,1790,1790,100
208,1.93,2,100,1200,0.34,0.82,2685,26575,1200
209,2.046,3,100,600,0.76,0.92,1941,11934,200
210,1.809,1,100,2400,0.42,0.92,2478,43134,600
211,2.216,4,100,300,0.75,0.89,2456,8709,150
212,2.22,4,100,300,0.82,0.95,2488,8948,100
213,3.55,9,100,100,0.94,0.94,2028,2028,100
214,1.886,1,100,2400,0.52,0.92,2782,46816,800
215,2.266,5,100,200,0.7,0.79,2532,6938,300
216,2.198,4,100,300,0.66,0.8,3125,10448,300
217,1.987,2,100,1200,0.47,0.95,2610,23856,400
218,3.35,8,100,100,0.93,0.93,1890,1890,100
219,1.994,2,100,1200,0.55,0.93,2711,25423,600
220,2.476,6,100,150,0.94,0.97,2247,5218,100
221,2.067,3,100,600,0.59,0.92,2523,13487,400
222,1.787,1,100,2400,0.34,0.83,2907,52983,2400
223,2.523,6,100,150,0.94,0.96,2445,5669,100
224,1.815,1,100,2400,0.3,0.84,4190,50489,1600
225,1.706,0,100,3200,0.23,0.79,2804,68070,not by 3200
226,3.22,8,100,100,0.92,0.92,1980,1980,100
227,2.307,5,100,200,0.91,0.96,2110,5763,100
228,1.787,1,100,2400,0.28,0.87,2828,50951,1600
229,3.608,9,100,100,1.0,1.0,1800,1800,100
230,2.49,6,100,150,0.85,0.91,2318,5464,100
231,2.137,4,100,300,0.46,0.63,2935,9894,1200
232,1.927,2,100,1200,0.53,0.87,2581,26004,600
233,2.191,4,100,300,0.79,0.94,2183,7729,150
234,1.998,2,100,1200,0.6,0.93,2612,24017,400
235,1.94,2,100,1200,0.62,0.94,2640,26511,300
236,2.008,3,100,600,0.4,0.8,2506,15905,600
237,2.229,5,100,200,0.85,0.9,2060,5573,100
238,1.807,1,100,2400,0.41,0.93,2755,49168,1600
239,1.79,1,100,2400,0.24,0.88,2947,51651,1600
240,2.11,4,100,300,0.58,0.73,2626,9120,400
241,1.671,0,100,3200,0.17,0.74,2913,69632,not by 3200
242,3.126,8,100,100,0.98,0.98,1668,1668,100
243,4.051,9,100,100,0.99,0.99,1916,1916,100
244,2.213,4,100,300,0.8,0.92,2311,8157,100
245,4.427,9,100,100,0.95,0.95,1692,1692,100
246,4.168,9,100,100,0.97,0.97,1878,1878,100
247,1.938,2,100,1200,0.67,0.91,2335,23582,300
248,3.959,9,100,100,1.0,1.0,1392,1392,100
249,2.236,5,100,200,0.78,0.81,2151,5985,200
250,2.059,3,100,600,0.57,0.94,2390,14030,200
251,2.938,8,100,100,0.91,0.91,1864,1864,100
252,1.963,2,100,1200,0.57,0.99,3221,17451,400
253,1.661,0,100,3200,0.11,0.85,3118,67239,3200
254,2.498,6,100,150,0.83,0.87,2281,5424,100
255,2.238,5,100,200,0.93,0.97,3068,7556,100
256,2.605,7,100,100,0.68,0.68,2399,2399,200
257,2.094,3,100,600,0.74,0.95,2351,13581,150
258,2.302,5,100,200,0.66,0.78,2143,5925,300
259,2.294,5,100,200,0.88,0.91,2197,6028,100
260,1.922,2,100,1200,0.4,0.86,2834,26343,800
261,1.832,1,100,2400,0.28,0.86,2658,45212,1600
262,2.051,3,100,600,0.45,0.9,2619,14716,400
263,3.707,9,100,100,0.98,0.98,1639,1639,100
264,2.222,4,100,300,0.57,0.8,2505,8806,300
265,2.52,6,100,150,0.91,0.92,1566,3731,100
266,2.103,3,100,600,0.81,0.93,2628,13609,100
267,2.521,6,100,150,0.85,0.91,2131,5067,100
268,2.719,7,100,100,0.88,0.88,2132,2132,100
269,1.933,2,100,1200,0.54,0.91,2510,26215,600
270,1.944,2,100,1200,0.56,0.93,2686,24565,600
271,2.121,4,100,300,0.64,0.91,2409,8200,150
272,2.186,4,100,300,0.72,0.86,2709,8461,200
273,2.215,4,100,300,0.67,0.88,2842,9365,300
274,1.771,0,100,3200,0.27,0.87,2440,57745,1600
275,1.949,2,100,1200,0.71,0.91,2491,23110,300
276,2.553,6,100,150,0.8,0.87,2572,6083,100
277,1.969,2,100,1200,0.6,0.92,2109,21480,400
278,3.254,8,100,100,0.97,0.97,1688,1688,100
279,2.419,6,100,150,0.82,0.89,2373,5641,100
280,2.414,6,100,150,0.95,0.98,2741,6117,100
281,2.863,7,100,100,0.95,0.95,1976,1976,100
282,2.411,6,100,150,0.89,0.93,2522,5906,100
283,2.174,4,100,300,0.79,0.91,2424,8219,150
284,2.854,7,100,100,0.97,0.97,1869,1869,100
285,2.058,3,100,600,0.75,0.99,2057,11396,150
286,2.022,3,100,600,0.49,0.82,3219,16305,600
287,2.205,4,100,300,0.64,0.81,2655,9197,300
288,2.82,7,100,100,0.96,0.96,1960,1960,100
289,8.032,9,100,100,1.0,1.0,1659,1659,100
290,3.421,8,100,100,0.96,0.96,1852,1852,100
291,2.429,6,100,150,0.87,0.91,2460,5939,100
292,1.846,1,100,2400,0.31,0.93,2621,44848,600
293,1.887,1,100,2400,0.52,0.9,3074,42248,600
294,1.9,2,100,1200,0.38,0.73,2430,27598,2400
295,2.595,7,100,100,0.94,0.94,2186,2186,100
296,3.459,8,100,100,0.89,0.89,1696,1696,100
297,1.827,1,100,2400,0.33,0.86,2687,53751,1600
298,1.687,0,100,3200,0.24,0.74,3325,63669,not by 3200
299,2.322,5,100,200,0.86,0.96,2397,6525,100
300,4.75,9,100,100,0.98,0.98,1665,1665,100
301,1.717,0,100,3200,0.21,0.9,2762,60971,2400
302,2.966,8,100,100,0.98,0.98,1800,1800,100
303,4.02,9,100,100,0.97,0.97,2112,2112,100
304,2.075,3,100,600,0.51,0.87,2616,15064,600
305,3.588,9,100,100,0.92,0.92,1922,1922,100
306,4.357,9,100,100,0.99,0.99,1924,1924,100
307,2.926,8,100,100,0.95,0.95,2271,2271,100
308,1.935,2,100,1200,0.51,0.88,2397,26956,800
309,3.09,8,100,100,1.0,1.0,2126,2126,100
310,2.112,4,100,300,0.59,0.79,2578,9199,400
311,2.226,5,100,200,0.86,0.94,2478,6521,100
312,2.039,3,100,600,0.68,0.89,2698,14935,300
313,2.337,5,100,200,0.93,0.97,1925,5108,100
314,2.24,5,100,200,0.85,0.93,2140,5731,100
315,2.331,5,100,200,0.93,0.96,2025,5256,100
316,3.352,8,100,100,0.9,0.9,2242,2242,100
317,2.588,7,100,100,0.93,0.93,2005,2005,100
318,2.136,4,100,300,0.69,0.8,2488,8757,300
319,1.85,1,100,2400,0.35,0.95,2664,46341,800
320,3.102,8,100,100,0.98,0.98,1585,1585,100
321,3.51,9,100,100,0.99,0.99,1889,1889,100
322,1.889,1,100,2400,0.48,0.95,2710,43435,600
323,2.298,5,100,200,0.68,0.8,2782,7038,200
324,2.286,5,100,200,0.95,0.96,1683,4778,100
325,1.798,1,100,2400,0.31,0.92,3395,47185,1200
326,1.892,2,100,1200,0.56,0.9,2563,26000,600
327,3.006,8,100,100,0.97,0.97,2150,2150,100
328,2.573,6,100,150,0.89,0.92,2220,5234,100
329,3.268,8,100,100,1.0,1.0,1612,1612,100
330,2.279,5,100,200,0.91,0.95,2189,6040,100
331,1.836,1,100,2400,0.36,0.92,2519,45929,1200
332,3.722,9,100,100,0.95,0.95,1709,1709,100
333,1.973,2,100,1200,0.51,0.88,2209,24594,800
334,2.772,7,100,100,0.72,0.72,2135,2135,150
335,1.843,1,100,2400,0.28,0.88,2893,49493,1600
336,2.45,6,100,150,0.88,0.95,2038,4910,100
337,1.673,0,100,3200,0.12,0.87,2686,67420,2400
338,2.39,6,100,150,0.83,0.88,2365,5728,100
339,3.599,9,100,100,0.9,0.9,2393,2393,100
340,2.233,5,100,200,0.78,0.89,2488,6901,150
341,1.704,0,100,3200,0.14,0.79,2789,66361,not by 3200
342,2.015,3,100,600,0.71,0.88,2425,13627,300
343,2.118,4,100,300,0.66,0.76,2303,8758,400
344,2.133,4,100,300,0.75,0.87,2522,8711,150
345,1.84,1,100,2400,0.29,0.88,2204,43231,1200
346,2.015,3,100,600,0.5,0.74,3259,16996,1200
347,2.905,8,100,100,0.98,0.98,1394,1394,100
348,2.139,4,100,300,0.78,0.93,2318,8097,150
349,2.861,7,100,100,0.98,0.98,1894,1894,100
350,2.303,5,100,200,0.86,0.94,2194,5930,100
351,1.934,2,100,1200,0.58,0.89,2171,16802,600
352,1.946,2,100,1200,0.44,0.92,2602,24073,400
353,2.142,4,100,300,0.71,0.85,2372,8915,300
354,2.532,6,100,150,0.87,0.89,2343,5639,100
355,1.745,0,100,3200,0.2,0.81,2695,64473,3200
356,4.457,9,100,100,0.98,0.98,1303,1303,100
357,2.078,3,100,600,0.78,0.97,2374,12458,150
358,2.252,5,100,200,0.75,0.81,2354,6847,200
359,2.731,7,100,100,0.97,0.97,2236,2236,100
360,2.057,3,100,600,0.6,0.95,2324,12922,300
361,1.996,2,100,1200,0.58,0.94,2753,23780,300
362,2.378,6,100,150,0.91,0.95,2307,5459,100
363,1.942,2,100,1200,0.68,0.91,3096,26041,400
364,2.327,5,100,200,0.9,0.95,2288,6256,100
365,2.623,7,100,100,0.91,0.91,1885,1885,100
366,1.776,0,100,3200,0.36,0.9,2744,65352,1600
367,3.826,9,100,100,1.0,1.0,1187,1187,100
368,1.796,1,100,2400,0.32,0.84,3265,51872,2400
369,2.497,6,100,150,0.86,0.94,2284,5442,100
370,2.976,8,100,100,0.97,0.97,2065,2065,100
371,2.818,7,100,100,0.98,0.98,2122,2122,100
372,3.256,8,100,100,0.99,0.99,1782,1782,100
373,1.813,1,100,2400,0.64,0.93,2675,46932,800
374,4.919,9,100,100,0.97,0.97,1372,1372,100
375,3.299,8,100,100,0.98,0.98,1867,1867,100
376,1.843,1,100,2400,0.4,0.77,2784,52300,3200
377,1.978,2,100,1200,0.66,0.85,3361,27044,600
378,1.992,2,100,1200,0.58,0.83,2518,23284,1200
379,1.921,2,100,1200,0.48,0.86,2726,25121,600
380,3.75,9,100,100,0.96,0.96,1912,1912,100
381,2.122,4,100,300,0.46,0.72,2547,9204,600
382,1.895,2,100,1200,0.62,0.88,2781,26041,600
383,2.194,4,100,300,0.6,0.74,2463,8873,600
384,2.047,3,100,600,0.58,0.89,2506,15425,300
385,3.208,8,100,100,0.98,0.98,1767,1767,100
386,2.113,4,100,300,0.44,0.69,2563,8837,600
387,4.089,9,100,100,0.99,0.99,2026,2026,100
388,1.815,1,100,2400,0.37,0.93,2621,45465,1200
389,1.945,2,100,1200,0.54,0.84,2142,24340,1200
390,2.26,5,100,200,0.86,0.88,1990,5608,100
391,3.025,8,100,100,0.99,0.99,1640,1640,100
392,1.768,0,100,3200,0.22,0.91,2942,69793,2400
393,2.42,6,100,150,0.91,0.95,1938,4502,100
394,4.13,9,100,100,1.0,1.0,1272,1272,100
395,2.264,5,100,200,0.9,0.96,2172,5746,100
396,2.008,3,100,600,0.42,0.85,2567,14089,600
397,2.947,8,100,100,0.96,0.96,2010,2010,100
398,4.381,9,100,100,0.99,0.99,1578,1578,100
399,8.489,9,100,100,1.0,1.0,1182,1182,100
400,2.674,7,100,100,0.85,0.85,2489,2489,100
401,3.191,8,100,100,1.0,1.0,1676,1676,100
402,3.562,9,100,100,0.96,0.96,1868,1868,100
403,2.099,3,100,600,0.84,0.93,2328,12072,100
404,1.791,1,100,2400,0.56,0.93,2579,43701,800
405,2.867,7,100,100,0.97,0.97,2060,2060,100
406,2.236,5,100,200,0.87,0.9,2136,5804,100
407,5.025,9,100,100,0.99,0.99,1397,1397,100
408,1.874,1,100,2400,0.61,0.92,2449,45625,600
409,1.803,1,100,2400,0.28,0.93,2714,48467,1200
410,3.924,9,100,100,1.0,1.0,1621,1621,100
411,2.713,7,100,100,0.89,0.89,2221,2221,100
412,1.793,1,100,2400,0.36,0.87,3203,52712,2400
413,2.343,5,100,200,0.75,0.84,2531,7007,150
414,2.679,7,100,100,0.94,0.94,2138,2138,100
415,1.692,0,100,3200,0.11,0.85,2342,60459,2400
416,2.152,4,100,300,0.84,0.87,2431,8205,100
417,2.573,6,100,150,0.98,0.98,1926,4617,100
418,2.711,7,100,100,1.0,1.0,2046,2046,100
419,1.975,2,100,1200,0.53,0.84,2849,27328,1200
420,1.869,1,100,2400,0.52,0.98,2322,36340,400
421,2.086,3,100,600,0.82,0.94,2395,14212,100
422,2.748,7,100,100,0.88,0.88,2196,2196,100
423,4.107,9,100,100,1.0,1.0,1664,1664,100
424,2.098,3,100,600,0.55,0.81,3266,16531,600
425,2.173,4,100,300,0.71,0.86,2159,8035,300
426,2.9,8,100,100,0.98,0.98,1556,1556,100
427,1.69,0,100,3200,0.18,0.82,3302,68323,2400
428,2.24,5,100,200,0.84,0.91,2254,6017,100
429,1.824,1,100,2400,0.32,0.91,2600,41876,1200
430,2.152,4,100,300,0.86,0.92,2240,7395,100
431,1.995,2,100,1200,0.71,0.96,2591,21458,300
432,2.071,3,100,600,0.7,0.96,2494,13800,150
433,2.536,6,100,150,0.85,0.92,2380,5763,100
434,1.984,2,100,1200,0.49,0.78,3168,29451,2400
435,2.347,5,100,200,0.91,0.95,2717,6979,100
436,2.267,5,100,200,0.78,0.92,2538,7095,150
437,2.93,8,100,100,0.94,0.94,1972,1972,100
438,2.719,7,100,100,0.89,0.89,2189,2189,100
439,1.676,0,100,3200,0.28,0.9,3120,61295,1600
440,3.198,8,100,100,0.98,0.98,2247,2247,100
441,2.017,3,100,600,0.79,0.98,2161,12403,150
442,2.228,5,100,200,0.73,0.82,2284,6480,200
443,2.072,3,100,600,0.65,0.87,3209,15323,400
444,2.983,8,100,100,0.96,0.96,1888,1888,100
445,2.785,7,100,100,0.92,0.92,2148,2148,100
446,1.826,1,100,2400,0.5,0.96,2749,46119,800
447,1.807,1,100,2400,0.38,0.92,2658,44916,1200
448,2.037,3,100,600,0.41,0.84,2417,14400,600
449,1.745,0,100,3200,0.19,0.84,2679,66324,2400
450,1.842,1,100,2400,0.46,0.91,2736,49393,1600
451,1.824,1,100,2400,0.39,0.88,2942,51066,1200
452,2.732,7,100,100,0.87,0.87,1921,1921,100
453,2.208,4,100,300,0.89,0.96,2296,8046,100
454,1.798,1,100,2400,0.42,0.92,3062,47269,1200
455,2.657,7,100,100,0.74,0.74,2283,2283,150
456,2.043,3,100,600,0.6,0.87,2607,15054,400
457,2.488,6,100,150,0.97,0.98,3382,7548,100
458,2.493,6,100,150,0.67,0.78,2317,5696,200
459,1.799,1,100,2400,0.1,0.96,2808,39782,200
460,2.246,5,100,200,0.82,0.89,2430,6624,100
461,1.835,1,100,2400,0.35,0.88,2674,48221,1200
462,1.716,0,100,3200,0.19,0.9,2793,68023,2400
463,1.742,0,100,3200,0.34,0.88,2989,66490,2400
464,2.133,4,100,300,0.88,0.98,2195,7772,100
465,5.23,9,100,100,1.0,1.0,1284,1284,100
466,1.722,0,100,3200,0.12,0.86,2624,66079,2400
467,2.489,6,100,150,0.92,0.98,3005,6814,100
468,2.357,5,100,200,0.8,0.88,2173,6191,100
469,5.056,9,100,100,0.99,0.99,1466,1466,100
470,1.791,1,100,2400,0.23,0.74,2738,50327,not by 3200
471,1.954,2,100,1200,0.56,0.92,2775,25094,600
472,1.792,1,100,2400,0.32,0.89,2800,48391,800
473,2.0,2,100,1200,0.51,0.94,2510,23119,300
474,2.056,3,100,600,0.84,0.98,2545,13031,100
475,1.961,2,100,1200,0.45,0.77,2672,27650,2400
476,1.914,2,100,1200,0.46,0.9,2709,27034,600
477,6.852,9,100,100,0.99,0.99,1328,1328,100
478,1.851,1,100,2400,0.4,0.9,2888,48533,1200
479,1.836,1,100,2400,0.32,0.89,3266,49065,1600
480,1.853,1,100,2400,0.4,0.93,2611,47654,800
481,2.418,6,100,150,0.96,0.96,1977,4515,100
482,1.78,0,100,3200,0.22,0.83,2535,61158,3200
483,2.181,4,100,300,0.56,0.81,2579,9139,300
484,3.802,9,100,100,1.0,1.0,1229,1229,100
485,1.927,2,100,1200,0.46,0.84,2524,26324,1200
486,3.954,9,100,100,0.99,0.99,1873,1873,100
487,3.081,8,100,100,0.99,0.99,1893,1893,100
488,1.746,0,100,3200,0.15,0.94,2827,62999,2400
489,7.533,9,100,100,1.0,1.0,1632,1632,100
490,4.438,9,100,100,0.99,0.99,1750,1750,100
491,2.178,4,100,300,0.68,0.88,2506,8943,200
492,1.916,2,100,1200,0.4,0.82,3640,28803,1200
493,3.189,8,100,100,0.95,0.95,2317,2317,100
494,2.172,4,100,300,0.7,0.86,2637,8944,150
495,1.883,1,100,2400,0.34,0.91,2475,45840,1200
496,2.605,7,100,100,0.91,0.91,2272,2272,100
497,2.259,5,100,200,0.79,0.96,2388,6719,150
498,1.88,1,100,2400,0.42,0.86,2708,43316,1200
499,1.86,1,100,2400,0.49,0.92,2665,49719,800
500,3.004,8,100,100,0.95,0.95,2014,2014,100
501,2.552,6,100,150,0.98,0.99,1953,4526,100
502,2.105,4,100,300,0.77,0.84,2234,8347,150
503,2.36,5,100,200,0.66,0.7,2670,7294,800
504,2.455,6,100,150,0.95,0.97,2353,5695,100
505,1.948,2,100,1200,0.31,0.89,2584,21251,1200
506,1.84,1,100,2400,0.49,0.9,2885,47970,800
507,1.849,1,100,2400,0.32,0.93,2516,44171,1200
508,2.0,2,100,1200,0.57,0.89,3696,24013,600
509,1.769,0,100,3200,0.26,0.83,2714,62903,3200
510,2.13,4,100,300,0.61,0.82,2721,9531,300
511,2.008,3,100,600,0.42,0.81,2808,16053,600
512,3.143,8,100,100,0.87,0.87,3141,3141,100
513,3.184,8,100,100,0.96,0.96,2033,2033,100
514,2.985,8,100,100,1.0,1.0,1464,1464,100
515,3.355,8,100,100,0.9,0.9,2131,2131,100
516,2.059,3,100,600,0.6,0.93,2984,14816,300
517,2.351,5,100,200,0.84,0.93,2505,6820,100
518,1.873,1,100,2400,0.22,0.9,2579,46055,1600
519,2.634,7,100,100,0.94,0.94,1749,1749,100
520,1.788,1,100,2400,0.2,0.83,2965,48677,2400
521,2.653,7,100,100,1.0,1.0,1492,1492,100
522,3.304,8,100,100,0.98,0.98,2332,2332,100
523,2.079,3,100,600,0.69,0.94,2557,14709,200
524,3.224,8,100,100,0.97,0.97,2120,2120,100
525,2.488,6,100,150,0.93,0.96,2381,5595,100
526,2.794,7,100,100,0.94,0.94,2400,2400,100
527,2.161,4,100,300,0.89,0.98,1978,6004,100
528,3.766,9,100,100,0.99,0.99,1125,1125,100
529,2.524,6,100,150,0.68,0.8,2496,5971,150
530,2.578,6,100,150,0.94,0.98,2230,5331,100
531,2.542,6,100,150,0.82,0.86,2266,5396,100
532,2.074,3,100,600,0.49,0.71,2528,15356,1600
533,1.757,0,100,3200,0.16,0.89,2747,64800,1600
534,2.872,7,100,100,0.95,0.95,2109,2109,100
535,2.394,6,100,150,0.91,0.96,2088,5110,100
536,3.016,8,100,100,1.0,1.0,1631,1631,100
537,2.565,6,100,150,0.87,0.88,2321,5623,100
538,2.345,5,100,200,0.9,0.97,2357,6338,100
539,2.347,5,100,200,0.91,0.97,2055,5755,100
540,9.463,9,100,100,0.99,0.99,1267,1267,100
541,1.942,2,100,1200,0.47,0.91,2050,21991,600
542,2.08,3,100,600,0.56,0.82,2490,15185,600
543,1.818,1,100,2400,0.5,0.95,2556,41239,600
544,2.018,3,100,600,0.65,0.91,2657,14409,300
545,2.179,4,100,300,0.6,0.8,3210,10460,300
546,1.988,2,100,1200,0.62,0.89,2545,24143,400
547,2.446,6,100,150,0.93,0.95,2132,5054,100
548,4.184,9,100,100,0.99,0.99,1444,1444,100
549,2.018,3,100,600,0.65,0.89,2383,12880,200
550,1.958,2,100,1200,0.33,0.76,3122,29509,2400
551,3.065,8,100,100,0.99,0.99,2149,2149,100
552,1.857,1,100,2400,0.33,0.87,2794,44354,1200
553,1.755,0,100,3200,0.27,0.83,2682,66286,3200
554,3.201,8,100,100,0.98,0.98,2049,2049,100
555,2.75,7,100,100,0.97,0.97,2140,2140,100
556,2.087,3,100,600,0.57,0.89,1867,10476,300
557,2.011,3,100,600,0.58,0.87,2636,15014,400
558,2.339,5,100,200,0.84,0.95,2058,5570,100
559,1.876,1,100,2400,0.57,0.9,2372,43585,800
560,2.206,4,100,300,0.74,0.88,2502,8595,150
561,2.672,7,100,100,0.92,0.92,2148,2148,100
562,2.614,7,100,100,0.91,0.91,1891,1891,100
563,2.143,4,100,300,0.76,0.88,2488,8473,150
564,2.555,6,100,150,0.89,0.95,2185,5201,100
565,3.256,8,100,100,0.84,0.84,2109,2109,100
566,2.134,4,100,300,0.62,0.77,2799,9178,400
567,2.634,7,100,100,0.91,0.91,1805,1805,100
568,2.194,4,100,300,0.72,0.91,2379,8249,150
569,2.669,7,100,100,0.85,0.85,2196,2196,100
570,1.988,2,100,1200,0.83,0.98,2224,23125,100
571,13.01,9,100,100,1.0,1.0,754,754,100
572,2.562,6,100,150,0.93,0.96,2005,4807,100
573,2.815,7,100,100,0.97,0.97,2113,2113,100
574,2.818,7,100,100,0.91,0.91,1865,1865,100
575,1.744,0,100,3200,0.28,0.86,2808,63554,2400
576,1.94,2,100,1200,0.65,0.95,1899,19601,200
577,4.938,9,100,100,0.99,0.99,1180,1180,100
578,1.812,1,100,2400,0.32,0.8,2750,46403,2400
579,2.123,4,100,300,0.62,0.87,2392,8063,300
580,4.42,9,100,100,0.95,0.95,2146,2146,100
581,1.762,0,100,3200,0.2,0.86,2593,64469,1600
582,2.287,5,100,200,0.92,0.93,3869,9206,100
583,2.876,7,100,100,0.87,0.87,1790,1790,100
584,2.239,5,100,200,0.91,0.94,2178,5852,100
585,3.279,8,100,100,0.88,0.88,2147,2147,100
586,2.364,5,100,200,0.87,0.95,1838,5020,100
587,2.792,7,100,100,0.83,0.83,1991,1991,100
588,4.053,9,100,100,0.99,0.99,1743,1743,100
589,2.826,7,100,100,0.9,0.9,2000,2000,100
590,1.691,0,100,3200,0.2,0.85,2584,61275,2400
591,1.93,2,100,1200,0.59,0.93,2509,25634,400
592,2.128,4,100,300,0.79,0.9,2411,8762,150
593,2.321,5,100,200,0.77,0.83,2605,7165,150
594,1.71,0,100,3200,0.2,0.83,3571,69130,3200
595,3.349,8,100,100,1.0,1.0,1881,1881,100
596,1.957,2,100,1200,0.45,0.85,2696,27471,800
597,1.906,2,100,1200,0.57,0.91,2483,25235,400
598,2.668,7,100,100,0.95,0.95,2083,2083,100
599,1.655,0,100,3200,0.0,1.0,1812,33150,150
600,1.805,1,100,2400,0.31,0.87,2163,44909,1200
601,1.771,0,100,3200,0.21,0.83,2922,67756,3200
602,2.209,4,100,300,0.89,0.97,2386,8441,100
603,1.987,2,100,1200,0.49,0.94,2743,20625,400
604,2.951,8,100,100,0.92,0.92,2073,2073,100
605,2.467,6,100,150,0.39,0.52,3026,7329,2400
606,2.21,4,100,300,0.68,0.85,2492,8958,300
607,2.621,7,100,100,0.96,0.96,2180,2180,100
608,1.871,1,100,2400,0.58,0.96,2604,46448,800
609,1.854,1,100,2400,0.48,0.92,2196,33469,800
610,3.095,8,100,100,0.98,0.98,1870,1870,100
611,2.014,3,100,600,0.71,0.9,2421,13844,200
612,1.821,1,100,2400,0.52,0.9,2612,44836,600
613,2.605,7,100,100,0.93,0.93,2194,2194,100
614,2.555,6,100,150,0.93,0.99,2092,5054,100
615,2.014,3,100,600,0.69,0.91,2265,11862,150
616,1.92,2,100,1200,0.64,0.89,2404,25482,600
617,2.271,5,100,200,0.84,0.96,2147,5821,100
618,1.971,2,100,1200,0.6,0.95,2908,27016,600
619,2.358,5,100,200,0.75,0.83,2202,6496,200
620,1.884,1,100,2400,0.36,0.89,2932,42777,1200
621,2.059,3,100,600,0.62,0.88,2469,14245,300
622,3.194,8,100,100,0.95,0.95,1978,1978,100
623,3.178,8,100,100,0.97,0.97,1282,1282,100
624,1.886,1,100,2400,0.52,0.9,2774,50739,1200
625,5.617,9,100,100,0.99,0.99,1407,1407,100
626,1.906,2,100,1200,0.51,0.91,2588,26127,800
627,3.112,8,100,100,0.97,0.97,1762,1762,100
628,2.079,3,100,600,0.73,0.93,3125,14388,150
629,2.775,7,100,100,0.81,0.81,2524,2524,100
630,2.221,4,100,300,0.72,0.83,2093,7949,300
631,1.751,0,100,3200,0.36,0.91,3039,64608,2400
632,1.929,2,100,1200,0.46,0.85,2675,27981,1200
633,2.644,7,100,100,0.94,0.94,2124,2124,100
634,2.505,6,100,150,0.79,0.89,2621,6211,150
635,2.295,5,100,200,0.86,0.9,2219,6067,100
636,6.684,9,100,100,0.82,0.82,2099,2099,100
637,3.699,9,100,100,0.96,0.96,2006,2006,100
638,1.793,1,100,2400,0.3,0.92,2757,48263,1200
639,1.751,0,100,3200,0.4,0.88,2749,63677,2400
640,1.822,1,100,2400,0.32,0.88,3215,51572,1600
641,3.639,9,100,100,0.98,0.98,1754,1754,100
642,3.029,8,100,100,0.95,0.95,1813,1813,100
643,2.507,6,100,150,0.93,0.96,2105,5095,100
644,1.943,2,100,1200,0.43,0.92,2551,27620,800
645,3.345,8,100,100,0.94,0.94,1972,1972,100
646,2.146,4,100,300,0.73,0.86,3938,11272,200
647,2.886,8,100,100,0.95,0.95,2113,2113,100
648,2.057,3,100,600,0.52,0.89,3132,15575,400
649,4.425,9,100,100,0.99,0.99,1277,1277,100
650,2.28,5,100,200,0.57,0.64,2667,7413,1200
651,1.726,0,100,3200,0.28,0.9,2715,62196,2400
652,3.019,8,100,100,0.98,0.98,1986,1986,100
653,2.506,6,100,150,0.75,0.83,2429,5947,150
654,3.853,9,100,100,0.94,0.94,1786,1786,100
655,3.157,8,100,100,0.98,0.98,1816,1816,100
656,1.843,1,100,2400,0.25,0.74,3227,52421,not by 3200
657,3.996,9,100,100,0.99,0.99,1744,1744,100
658,3.774,9,100,100,1.0,1.0,1682,1682,100
659,2.137,4,100,300,0.52,0.76,2645,9531,400
660,2.172,4,100,300,0.73,0.85,2437,7914,300
661,2.265,5,100,200,0.71,0.8,2525,6973,200
662,2.241,5,100,200,0.73,0.85,2543,7091,150
663,1.718,0,100,3200,0.21,0.74,2691,65866,not by 3200
664,2.196,4,100,300,0.67,0.9,2490,8667,150
665,2.79,7,100,100,0.84,0.84,2188,2188,100
666,2.793,7,100,100,0.81,0.81,2310,2310,100
667,1.829,1,100,2400,0.37,0.9,2636,47847,1600
668,2.011,3,100,600,0.64,0.86,2735,14129,400
669,3.249,8,100,100,0.88,0.88,2207,2207,100
670,2.031,3,100,600,0.4,0.72,2813,16121,1200
671,1.927,2,100,1200,0.49,0.9,2564,23383,300
672,2.411,6,100,150,0.72,0.81,2235,5314,150
673,2.427,6,100,150,0.86,0.95,2157,5174,100
674,2.134,4,100,300,0.66,0.85,2417,8823,300
675,1.683,0,100,3200,0.14,0.72,3750,67950,not by 3200
676,1.815,1,100,2400,0.42,0.91,2618,46099,1200
677,1.684,0,100,3200,0.15,0.9,2822,65498,1600
678,2.491,6,100,150,0.85,0.9,2249,5406,100
679,4.257,9,100,100,0.99,0.99,2107,2107,100
680,1.733,0,100,3200,0.23,0.8,2779,63207,3200
681,2.172,4,100,300,0.66,0.88,2441,8709,300
682,2.296,5,100,200,0.76,0.88,2442,6666,150
683,1.657,0,100,3200,0.16,0.85,2783,64206,2400
684,1.838,1,100,2400,0.44,0.87,2520,48954,1200
685,1.98,2,100,1200,0.66,1.0,2267,22375,300
686,2.324,5,100,200,0.87,0.96,2152,6024,100
687,3.315,8,100,100,0.97,0.97,2527,2527,100
688,8.687,9,100,100,0.99,0.99,1113,1113,100
689,2.253,5,100,200,0.9,0.97,1977,5140,100
690,2.773,7,100,100,0.97,0.97,2169,2169,100
691,2.257,5,100,200,0.89,0.94,2181,6086,100
692,1.826,1,100,2400,0.52,0.95,2767,44160,600
693,3.603,9,100,100,1.0,1.0,1514,1514,100
694,2.284,5,100,200,0.79,0.91,2344,6384,150
695,3.191,8,100,100,0.97,0.97,1884,1884,100
696,1.817,1,100,2400,0.29,0.91,2635,43197,1200
697,2.573,6,100,150,0.94,0.98,2261,5401,100
698,2.651,7,100,100,0.86,0.86,2230,2230,100
699,2.506,6,100,150,0.94,0.98,1695,3995,100
700,2.08,3,100,600,0.68,0.89,2413,13713,200
701,2.158,4,100,300,0.71,0.9,2554,9018,150
702,1.908,2,100,1200,0.47,0.95,2822,26312,600
703,2.657,7,100,100,0.92,0.92,2242,2242,100
704,3.516,9,100,100,0.95,0.95,1841,1841,100
705,1.787,1,100,2400,0.37,0.81,3601,53986,2400
706,2.224,5,100,200,0.75,0.8,2159,6402,200
707,4.145,9,100,100,0.97,0.97,1757,1757,100
708,2.404,6,100,150,0.83,0.84,2186,5191,100
709,2.122,4,100,300,0.57,0.79,2544,8981,400
710,2.195,4,100,300,0.86,0.97,2306,7731,100
711,1.904,2,100,1200,0.45,0.84,2891,27108,1200
712,3.328,8,100,100,0.95,0.95,2239,2239,100
713,3.474,9,100,100,0.98,0.98,1598,1598,100
714,2.597,7,100,100,0.97,0.97,1831,1831,100
715,2.162,4,100,300,0.73,0.94,2304,8097,150
716,2.082,3,100,600,0.63,0.94,2590,13681,200
717,2.386,6,100,150,0.9,0.96,2180,5112,100
718,2.341,5,100,200,0.69,0.8,2363,6636,200
719,2.128,4,100,300,0.69,0.9,2557,9079,150
720,3.003,8,100,100,0.96,0.96,1923,1923,100
721,1.623,0,100,3200,0.09,0.82,3766,70171,3200
722,1.999,2,100,1200,0.57,0.95,2549,24438,300
723,1.776,0,100,3200,0.34,0.89,2656,64936,2400
724,2.029,3,100,600,0.64,0.89,3123,14541,300
725,2.17,4,100,300,0.75,0.88,2455,8432,150
726,3.118,8,100,100,1.0,1.0,1733,1733,100
727,2.505,6,100,150,0.88,0.91,2057,4900,100
728,2.369,5,100,200,0.78,0.86,2285,6159,150
729,3.744,9,100,100,0.98,0.98,1407,1407,100
730,2.012,3,100,600,0.45,0.78,2709,15560,800
731,2.617,7,100,100,0.79,0.79,2537,2537,150
732,3.242,8,100,100,0.97,0.97,1722,1722,100
733,2.084,3,100,600,0.53,0.82,2983,15647,600
734,3.954,9,100,100,0.93,0.93,1697,1697,100
735,2.183,4,100,300,0.82,0.94,2341,8261,100
736,2.478,6,100,150,0.65,0.77,2437,5947,200
737,2.764,7,100,100,0.88,0.88,1716,1716,100
738,2.875,7,100,100,0.83,0.83,2170,2170,100
739,2.411,6,100,150,0.92,0.97,1989,4765,100
740,1.938,2,100,1200,0.69,0.96,2345,24177,200
741,2.017,3,100,600,0.65,0.88,2462,14551,300
742,8.153,9,100,100,0.99,0.99,1467,1467,100
743,1.851,1,100,2400,0.42,0.86,3138,48244,1200
744,2.013,3,100,600,0.52,0.85,2189,14138,600
745,2.142,4,100,300,0.73,0.96,2546,8507,150
746,3.55,9,100,100,0.96,0.96,1868,1868,100
747,3.205,8,100,100,0.98,0.98,1467,1467,100
748,2.138,4,100,300,0.65,0.85,2886,9833,300
749,3.137,8,100,100,1.0,1.0,1684,1684,100
750,2.268,5,100,200,0.96,0.98,1830,4933,100
751,2.222,4,100,300,0.87,0.93,2075,7522,100
752,3.416,8,100,100,0.93,0.93,1883,1883,100
753,2.151,4,100,300,0.65,0.8,2566,8986,300
754,2.085,3,100,600,0.62,0.88,2525,13807,300
755,1.952,2,100,1200,0.71,0.94,3171,23531,200
756,1.769,0,100,3200,0.22,0.8,3219,67521,3200
757,1.82,1,100,2400,0.33,0.9,2857,48732,1200
758,1.896,2,100,1200,0.54,0.82,3461,26520,1200
759,2.238,5,100,200,0.74,0.94,2087,5576,150
760,4.409,9,100,100,1.0,1.0,1377,1377,100
761,1.844,1,100,2400,0.46,0.91,2421,46085,1200
762,2.261,5,100,200,0.7,0.84,2473,6625,150
763,5.399,9,100,100,0.95,0.95,2838,2838,100
764,1.897,2,100,1200,0.53,0.86,2948,27360,600
765,1.861,1,100,2400,0.39,0.88,2715,49152,1600
766,1.891,2,100,1200,0.5,0.74,2502,27804,1600
767,2.317,5,100,200,0.85,0.94,2199,6272,100
768,3.074,8,100,100,0.96,0.96,1905,1905,100
769,2.007,3,100,600,0.46,0.82,2555,14792,600
770,3.655,9,100,100,1.0,1.0,1365,1365,100
771,1.949,2,100,1200,0.82,0.96,2210,19012,100
772,2.002,2,100,1200,0.59,0.91,2618,22199,400
773,1.965,2,100,1200,0.41,0.9,2822,25616,600
774,1.692,0,100,3200,0.21,0.76,2639,62765,not by 3200
775,1.804,1,100,2400,0.61,0.96,2382,46140,400
776,2.092,3,100,600,0.72,0.93,2470,13960,150
777,1.788,1,100,2400,0.25,0.75,3466,53183,3200
778,2.442,6,100,150,0.89,0.95,2260,5369,100
779,1.787,1,100,2400,0.29,0.86,2635,50891,2400
780,2.44,6,100,150,0.73,0.83,2526,6122,150
781,2.402,6,100,150,0.77,0.86,2411,5589,150
782,2.216,4,100,300,0.72,0.85,2508,8793,300
783,1.99,2,100,1200,0.61,0.86,3803,29125,600
784,1.84,1,100,2400,0.26,0.8,2643,52938,2400
785,1.788,1,100,2400,0.38,0.89,2148,44633,800
786,1.786,0,100,3200,0.45,0.95,3816,59598,600
787,2.32,5,100,200,0.9,0.98,1859,5039,100
788,2.556,6,100,150,0.98,0.99,2224,5250,100
789,2.373,6,100,150,0.79,0.82,2384,5553,150
790,1.838,1,100,2400,0.42,0.92,2554,43827,800
791,3.576,9,100,100,0.97,0.97,1720,1720,100
792,3.016,8,100,100,0.93,0.93,2158,2158,100
793,3.034,8,100,100,0.92,0.92,2015,2015,100
794,2.224,4,100,300,0.74,0.95,2985,9292,150
795,2.016,3,100,600,0.52,0.81,2658,14738,600
796,2.222,4,100,300,0.96,0.99,1982,6647,100
797,1.929,2,100,1200,0.5,0.91,2522,23727,300
798,2.541,6,100,150,0.98,1.0,1644,3938,100
799,2.301,5,100,200,0.86,0.94,2191,6033,100
800,1.803,1,100,2400,0.29,0.95,3008,50154,1200
801,5.598,9,100,100,1.0,1.0,1266,1266,100
802,2.466,6,100,150,0.84,0.9,2276,5394,100
803,1.815,1,100,2400,0.3,0.85,2881,34361,1200
804,2.155,4,100,300,0.76,0.88,2371,8271,150
805,2.295,5,100,200,0.87,0.93,1982,5272,100
806,2.841,7,100,100,0.95,0.95,1927,1927,100
807,2.014,3,100,600,0.54,0.85,2589,14855,600
808,2.23,5,100,200,0.56,0.66,2737,7734,600
809,1.706,0,100,3200,0.27,0.89,3089,65682,2400
810,1.924,2,100,1200,0.55,0.87,3053,27330,1200
811,1.749,0,100,3200,0.29,0.91,2649,62438,1600
812,1.985,2,100,1200,0.4,0.86,2263,25145,800
813,1.909,2,100,1200,0.52,0.91,2543,23945,400
814,2.314,5,100,200,0.71,0.82,2349,6541,200
815,1.77,0,100,3200,0.32,0.88,2700,64660,1600
816,2.184,4,100,300,0.67,0.93,2346,7828,150
817,1.786,0,100,3200,0.09,0.92,2371,53079,800
818,1.571,0,100,3200,0.1,0.78,2189,64797,not by 3200
819,1.868,1,100,2400,0.47,0.94,2633,43277,600
820,2.495,6,100,150,0.86,0.92,2159,5149,100
821,2.871,7,100,100,0.99,0.99,2060,2060,100
822,2.224,4,100,300,0.58,0.83,2524,8750,300
823,2.304,5,100,200,0.77,0.87,2475,6922,150
824,2.025,3,100,600,0.58,0.87,2861,14847,400
825,1.87,1,100,2400,0.43,0.97,2962,44268,800
826,4.259,9,100,100,0.98,0.98,1873,1873,100
827,3.134,8,100,100,0.99,0.99,2075,2075,100
828,1.681,0,100,3200,0.19,0.86,3217,62241,1600
829,3.744,9,100,100,0.98,0.98,1796,1796,100
830,2.682,7,100,100,0.92,0.92,2296,2296,100
831,1.675,0,100,3200,0.04,0.89,2113,57899,1600
832,2.022,3,100,600,0.53,0.8,2843,16554,600
833,1.895,2,100,1200,0.4,0.8,2710,24888,1200
834,2.153,4,100,300,0.81,0.92,2002,7028,100
835,1.852,1,100,2400,0.35,0.96,2631,46011,1200
836,3.054,8,100,100,0.94,0.94,1858,1858,100
837,2.863,7,100,100,0.96,0.96,1983,1983,100
838,4.937,9,100,100,0.99,0.99,1542,1542,100
839,1.92,2,100,1200,0.44,0.8,2650,28789,1200
840,2.384,6,100,150,0.88,0.92,2190,5223,100
841,3.505,9,100,100,0.99,0.99,1415,1415,100
842,2.228,5,100,200,0.79,0.88,2624,6974,150
843,2.38,6,100,150,0.97,0.98,1734,4093,100
844,4.524,9,100,100,0.99,0.99,1428,1428,100
845,2.269,5,100,200,0.77,0.91,2366,6508,150
846,2.102,3,100,600,0.79,0.98,2494,13016,150
847,2.363,5,100,200,0.79,0.86,3683,9059,150
848,3.313,8,100,100,0.99,0.99,1818,1818,100
849,1.752,0,100,3200,0.31,0.86,2767,66037,1600
850,1.645,0,100,3200,0.06,0.94,2120,49150,400
851,1.718,0,100,3200,0.38,0.8,1727,62055,3200
852,5.468,9,100,100,1.0,1.0,1641,1641,100
853,2.107,4,100,300,0.54,0.72,2415,8836,600
854,2.131,4,100,300,0.68,0.9,2475,8748,200
855,1.931,2,100,1200,0.73,0.97,2693,21029,200
856,2.301,5,100,200,0.82,0.9,2195,6181,100
857,2.058,3,100,600,0.45,0.79,2743,14949,800
858,1.989,2,100,1200,0.65,0.96,3006,26718,300
859,2.269,5,100,200,0.66,0.77,2400,6683,300
860,1.707,0,100,3200,0.09,0.9,2530,63646,2400
861,2.734,7,100,100,0.85,0.85,2107,2107,100
862,2.229,5,100,200,0.72,0.81,2387,6698,200
863,2.01,3,100,600,0.7,0.93,2544,14419,200
864,4.369,9,100,100,0.99,0.99,1668,1668,100
865,1.798,1,100,2400,0.23,0.94,2957,50660,1600
866,2.345,5,100,200,0.77,0.9,2216,6116,150
867,2.247,5,100,200,0.59,0.68,2470,7047,300
868,2.49,6,100,150,0.86,0.9,2587,6126,100
869,1.686,0,100,3200,0.12,0.82,2506,67539,3200
870,1.866,1,100,2400,0.43,0.86,2769,50614,2400
871,2.258,5,100,200,0.88,0.96,2328,6503,100
872,3.629,9,100,100,0.85,0.85,2050,2050,100
873,2.253,5,100,200,0.84,0.93,2323,6535,100
874,1.993,2,100,1200,0.66,0.95,2297,20017,300
875,2.654,7,100,100,0.96,0.96,2049,2049,100
876,2.62,7,100,100,0.91,0.91,2153,2153,100
877,1.815,1,100,2400,0.31,0.89,2726,49651,1200
878,1.941,2,100,1200,0.66,0.93,3259,28780,300
879,2.045,3,100,600,0.48,0.79,2641,15542,800
880,2.008,3,100,600,0.49,0.75,3263,17750,800
881,1.982,2,100,1200,0.5,0.9,2610,26159,600
882,2.175,4,100,300,0.83,0.93,2583,8690,100
883,2.208,4,100,300,0.75,0.92,2610,8691,150
884,2.431,6,100,150,0.96,0.97,1973,4510,100
885,1.926,2,100,1200,0.62,0.9,2447,24010,600
886,1.753,0,100,3200,0.33,0.93,2739,57858,2400
887,2.396,6,100,150,0.88,0.91,2338,5515,100
888,3.928,9,100,100,1.0,1.0,1355,1355,100
889,2.121,4,100,300,0.84,0.9,2308,8260,100
890,3.11,8,100,100,0.93,0.93,1794,1794,100
891,3.454,8,100,100,1.0,1.0,1582,1582,100
892,1.924,2,100,1200,0.53,0.82,2574,26684,1200
893,2.614,7,100,100,0.98,0.98,1590,1590,100
894,2.921,8,100,100,1.0,1.0,1827,1827,100
895,2.302,5,100,200,0.81,0.91,2263,6078,100
896,3.148,8,100,100,0.97,0.97,2021,2021,100
897,1.655,0,100,3200,0.19,0.78,2665,68956,not by 3200
898,3.285,8,100,100,0.96,0.96,1856,1856,100
899,2.357,5,100,200,0.86,0.93,2307,6227,100
900,2.098,3,100,600,0.72,0.94,2434,12957,200
901,1.664,0,100,3200,0.18,0.88,3230,63730,2400
902,3.479,9,100,100,0.89,0.89,2087,2087,100
903,2.013,3,100,600,0.6,0.87,2866,15524,300
904,3.012,8,100,100,1.0,1.0,2372,2372,100
905,1.987,2,100,1200,0.71,0.93,2353,22963,300
906,2.866,7,100,100,0.84,0.84,1818,1818,100
907,4.576,9,100,100,0.99,0.99,1543,1543,100
908,2.169,4,100,300,0.78,0.92,2343,7902,150
909,2.507,6,100,150,0.64,0.76,2325,5534,200
910,1.983,2,100,1200,0.63,0.97,2647,22280,300
911,2.977,8,100,100,0.99,0.99,1608,1608,100
912,5.186,9,100,100,0.99,0.99,1109,1109,100
913,2.446,6,100,150,0.95,0.97,2218,5288,100
914,2.057,3,100,600,0.7,0.89,2803,15103,300
915,1.719,0,100,3200,0.18,0.91,2965,67216,2400
916,1.89,1,100,2400,0.34,0.85,3901,53207,2400
917,3.956,9,100,100,0.95,0.95,1758,1758,100
918,3.017,8,100,100,1.0,1.0,1576,1576,100
919,2.569,6,100,150,0.89,0.91,2318,5464,100
920,1.881,1,100,2400,0.37,0.91,2989,51205,800
921,2.39,6,100,150,0.99,0.99,2101,4897,100
922,2.28,5,100,200,0.46,0.54,2764,7671,800
923,1.929,2,100,1200,0.46,0.8,2905,29723,1200
924,1.98,2,100,1200,0.72,0.88,3086,25520,200
925,3.436,8,100,100,0.99,0.99,1545,1545,100
926,3.11,8,100,100,0.87,0.87,2182,2182,100
927,2.205,4,100,300,0.67,0.86,2320,8089,300
928,2.506,6,100,150,0.94,0.99,1560,3602,100
929,1.926,2,100,1200,0.36,0.87,2611,24954,800
930,3.837,9,100,100,0.95,0.95,1861,1861,100
931,1.702,0,100,3200,0.15,0.87,2983,67057,2400
932,3.097,8,100,100,0.79,0.79,2254,2254,150
933,2.328,5,100,200,0.94,0.98,2258,6200,100
934,3.147,8,100,100,0.89,0.89,2050,2050,100
935,2.451,6,100,150,0.72,0.78,2418,5794,200
936,1.877,1,100,2400,0.61,0.94,2624,43592,600
937,2.08,3,100,600,0.67,0.93,2187,14369,300
938,1.726,0,100,3200,0.26,0.85,3136,66867,2400
939,2.569,6,100,150,0.91,0.92,2229,5340,100
940,2.489,6,100,150,0.98,0.99,2117,4852,100
941,2.745,7,100,100,0.93,0.93,2175,2175,100
942,2.208,4,100,300,0.82,0.9,2436,8331,100
943,2.389,6,100,150,0.89,0.94,2325,5501,100
944,1.985,2,100,1200,0.47,0.78,2680,29396,2400
945,2.069,3,100,600,0.52,0.82,2453,14407,600
946,2.623,7,100,100,0.97,0.97,1670,1670,100
947,2.323,5,100,200,0.96,0.99,1619,4429,100
948,2.189,4,100,300,0.76,0.88,2201,8271,150
949,1.802,1,100,2400,0.35,0.81,2486,50188,2400
950,2.941,8,100,100,0.99,0.99,1663,1663,100
951,1.915,2,100,1200,0.5,0.85,3235,28004,800
952,2.019,3,100,600,0.59,0.85,3075,15225,400
953,1.796,1,100,2400,0.37,0.75,3930,53494,not by 3200
954,6.132,9,100,100,1.0,1.0,1246,1246,100
955,1.86,1,100,2400,0.47,0.97,2435,35633,600
956,1.807,1,100,2400,0.19,0.81,3278,53670,2400
957,2.737,7,100,100,0.92,0.92,2298,2298,100
958,2.267,5,100,200,0.91,0.95,2358,6260,100
959,2.057,3,100,600,0.48,0.82,2664,15827,600
960,6.115,9,100,100,0.98,0.98,1554,1554,100
961,2.277,5,100,200,0.75,0.81,2418,6443,150
962,1.999,2,100,1200,0.75,0.96,2438,23048,300
963,1.955,2,100,1200,0.54,0.96,2594,24175,400
964,2.333,5,100,200,0.87,0.91,2168,5862,100
965,2.125,4,100,300,0.58,0.85,2506,9107,300
966,1.834,1,100,2400,0.34,0.91,2735,50150,1600
967,1.74,0,100,3200,0.25,0.88,2745,61828,2400
968,1.662,0,100,3200,0.16,0.78,2796,65919,not by 3200
969,2.065,3,100,600,0.61,0.86,2265,12437,300
970,1.658,0,100,3200,0.16,0.81,2836,64386,3200
971,2.137,4,100,300,0.66,0.84,2455,9269,300
972,2.458,6,100,150,0.9,0.95,2072,4894,100
973,2.041,3,100,600,0.74,0.86,2615,14054,200
974,4.814,9,100,100,0.98,0.98,1545,1545,100
975,1.948,2,100,1200,0.65,0.94,2841,26019,400
976,1.908,2,100,1200,0.5,0.89,3206,25534,800
977,1.919,2,100,1200,0.61,0.91,2773,25226,400
978,2.012,3,100,600,0.53,0.78,2742,15056,800
979,2.126,4,100,300,0.62,0.82,2658,8873,300
980,2.297,5,100,200,0.97,0.98,2123,5384,100
981,3.238,8,100,100,0.98,0.98,1654,1654,100
982,2.071,3,100,600,0.63,0.87,2766,15791,300
983,2.408,6,100,150,0.93,0.98,1731,4029,100
984,1.841,1,100,2400,0.47,0.92,3083,51065,1200
985,1.848,1,100,2400,0.54,0.92,2704,34423,400
986,1.912,2,100,1200,0.58,0.92,2870,25754,600
987,1.649,0,100,3200,0.16,0.76,2767,67916,not by 3200
988,1.799,1,100,2400,0.2,0.77,2411,51175,3200
989,2.322,5,100,200,0.77,0.92,2645,7174,150
990,1.722,0,100,3200,0.25,0.78,3100,59944,not by 3200
991,2.027,3,100,600,0.62,0.85,2555,14455,400
992,4.019,9,100,100,0.98,0.98,1956,1956,100
993,3.148,8,100,100,0.94,0.94,1926,1926,100
994,1.758,0,100,3200,0.24,0.84,2463,63321,1600
995,1.729,0,100,3200,0.18,0.8,3415,68306,3200
996,2.005,3,100,600,0.35,0.72,2653,15235,800
997,3.486,9,100,100,1.0,1.0,1594,1594,100
998,4.686,9,100,100,1.0,1.0,1553,1553,100
999,2.032,3,100,600,0.78,0.95,2490,13322,150
