query,edges,bin,ef_before,ef_after,recall_before,recall_after,cost_before,cost_after,oracle_ef
0,290.0,2,100,150,0.88,0.94,2029,4926,150
1,249.0,0,100,200,0.87,0.96,2106,5872,150
2,344.0,5,100,100,0.97,0.97,1856,1856,100
3,458.0,8,100,100,0.98,0.98,1333,1333,100
4,313.0,3,100,150,0.87,0.95,1884,4552,150
5,251.0,0,100,200,0.88,0.97,2269,6384,150
6,270.0,1,100,150,0.89,0.97,2331,5579,150
7,517.0,9,100,100,0.99,0.99,1438,1438,100
8,275.0,1,100,150,0.88,0.94,2176,5207,150
9,317.0,4,100,100,0.92,0.92,2042,2042,100
10,277.0,1,100,150,0.82,0.9,2285,5511,150
11,273.0,1,100,150,0.93,0.96,1988,4690,100
12,271.0,1,100,150,0.93,0.97,2071,4963,100
13,285.0,2,100,150,0.99,1.0,2105,5038,100
14,280.0,1,100,150,0.88,0.93,2112,5073,150
15,324.0,4,100,100,0.86,0.86,1896,1896,150
16,338.0,5,100,100,0.91,0.91,2098,2098,100
17,257.0,0,100,200,0.88,0.93,2264,6140,150
18,259.0,0,100,200,0.91,0.96,2237,6081,100
19,253.0,0,100,200,0.95,0.98,2241,5976,100
20,447.0,8,100,100,0.99,0.99,1600,1600,100
21,356.0,6,100,100,0.93,0.93,1989,1989,100
22,316.0,4,100,100,0.9,0.9,1707,1707,100
23,284.0,2,100,150,0.95,0.99,1974,4691,100
24,302.0,3,100,150,0.94,0.98,1941,4711,100
25,369.0,6,100,100,0.95,0.95,1968,1968,100
26,319.0,4,100,100,0.96,0.96,2074,2074,100
27,344.0,5,100,100,0.91,0.91,2049,2049,100
28,327.0,4,100,100,0.93,0.93,1932,1932,100
29,419.0,7,100,100,0.97,0.97,1030,1030,100
30,320.0,4,100,100,0.93,0.93,1892,1892,100
31,297.0,2,100,150,0.91,0.95,2118,5022,100
32,350.0,5,100,100,0.98,0.98,2025,2025,100
33,450.0,8,100,100,0.95,0.95,1572,1572,100
34,305.0,3,100,150,0.91,0.93,1996,4824,100
35,321.0,4,100,100,0.97,0.97,2154,2154,100
36,292.0,2,100,150,0.91,0.97,2242,5425,100
37,414.0,7,100,100,0.99,0.99,1898,1898,100
38,361.0,6,100,100,0.95,0.95,2018,2018,100
39,386.0,7,100,100,0.93,0.93,1732,1732,100
40,331.0,4,100,100,0.94,0.94,2037,2037,100
41,369.0,6,100,100,0.95,0.95,1334,1334,100
42,329.0,4,100,100,0.95,0.95,2038,2038,100
43,252.0,0,100,200,0.84,0.92,2152,6073,200
44,375.0,6,100,100,0.95,0.95,1771,1771,100
45,375.0,6,100,100,0.98,0.98,1879,1879,100
46,419.0,7,100,100,0.99,0.99,1790,1790,100
47,269.0,1,100,150,0.84,0.89,2135,5162,200
48,377.0,6,100,100,0.99,0.99,1786,1786,100
49,501.0,9,100,100,1.0,1.0,1602,1602,100
50,372.0,6,100,100,0.98,0.98,1868,1868,100
51,363.0,6,100,100,1.0,1.0,1743,1743,100
52,332.0,4,100,100,0.98,0.98,2053,2053,100
53,306.0,3,100,150,0.99,1.0,2061,4867,100
54,490.0,9,100,100,0.99,0.99,854,854,100
55,547.0,9,100,100,1.0,1.0,1254,1254,100
56,302.0,3,100,150,0.89,0.94,2044,4829,150
57,357.0,6,100,100,0.93,0.93,2094,2094,100
58,369.0,6,100,100,0.99,0.99,1890,1890,100
59,423.0,8,100,100,0.98,0.98,882,882,100
60,308.0,3,100,150,0.92,0.96,2123,5069,100
61,439.0,8,100,100,0.99,0.99,1500,1500,100
62,536.0,9,100,100,1.0,1.0,920,920,100
63,331.0,4,100,100,0.94,0.94,1569,1569,100
64,513.0,9,100,100,1.0,1.0,1423,1423,100
65,361.0,6,100,100,0.96,0.96,1532,1532,100
66,440.0,8,100,100,0.96,0.96,1298,1298,100
67,445.0,8,100,100,0.99,0.99,1593,1593,100
68,389.0,7,100,100,0.99,0.99,1497,1497,100
69,272.0,1,100,150,0.8,0.92,2000,4797,150
70,511.0,9,100,100,1.0,1.0,1028,1028,100
71,447.0,8,100,100,0.98,0.98,1322,1322,100
72,255.0,0,100,200,0.84,0.97,2092,5959,150
73,345.0,5,100,100,0.88,0.88,1855,1855,150
74,311.0,3,100,150,0.92,0.97,2015,4829,100
75,341.0,5,100,100,0.92,0.92,1795,1795,100
76,385.0,7,100,100,0.98,0.98,1778,1778,100
77,388.0,7,100,100,0.94,0.94,1998,1998,100
78,274.0,1,100,150,0.9,0.96,1896,4550,100
79,444.0,8,100,100,0.93,0.93,1126,1126,100
80,379.0,6,100,100,0.91,0.91,1871,1871,100
81,264.0,1,100,150,0.92,0.95,2325,5471,100
82,259.0,0,100,200,0.85,0.97,2256,6221,150
83,447.0,8,100,100,0.98,0.98,1735,1735,100
84,251.0,0,100,200,0.85,0.94,2087,5770,150
85,535.0,9,100,100,1.0,1.0,1015,1015,100
86,519.0,9,100,100,0.99,0.99,1381,1381,100
87,604.0,9,100,100,1.0,1.0,1050,1050,100
88,512.0,9,100,100,1.0,1.0,1336,1336,100
89,395.0,7,100,100,0.98,0.98,1569,1569,100
90,514.0,9,100,100,1.0,1.0,1175,1175,100
91,461.0,8,100,100,0.98,0.98,1343,1343,100
92,334.0,4,100,100,0.95,0.95,1895,1895,100
93,367.0,6,100,100,0.94,0.94,1654,1654,100
94,534.0,9,100,100,1.0,1.0,1059,1059,100
95,339.0,5,100,100,0.95,0.95,1855,1855,100
96,324.0,4,100,100,0.92,0.92,2099,2099,100
97,351.0,5,100,100,0.93,0.93,1804,1804,100
98,525.0,9,100,100,1.0,1.0,1077,1077,100
99,375.0,6,100,100,0.92,0.92,1778,1778,100
100,311.0,3,100,150,0.95,0.99,1787,4227,100
101,400.0,7,100,100,0.99,0.99,1413,1413,100
102,307.0,3,100,150,0.85,0.95,2081,5044,150
103,402.0,7,100,100,0.98,0.98,1604,1604,100
104,420.0,7,100,100,0.99,0.99,1615,1615,100
105,346.0,5,100,100,0.94,0.94,1944,1944,100
106,485.0,8,100,100,0.97,0.97,1298,1298,100
107,562.0,9,100,100,0.97,0.97,1112,1112,100
108,652.0,9,100,100,1.0,1.0,794,794,100
109,356.0,6,100,100,0.95,0.95,1627,1627,100
110,307.0,3,100,150,0.96,0.99,1425,3365,100
111,291.0,2,100,150,0.82,0.87,2128,5161,200
112,604.0,9,100,100,1.0,1.0,1085,1085,100
113,298.0,2,100,150,0.96,0.98,2071,4901,100
114,537.0,9,100,100,1.0,1.0,1452,1452,100
115,262.0,1,100,150,0.96,0.97,2226,5306,100
116,573.0,9,100,100,1.0,1.0,906,906,100
117,313.0,3,100,150,0.87,0.95,2344,5844,150
118,337.0,5,100,100,0.96,0.96,2030,2030,100
119,599.0,9,100,100,0.99,0.99,893,893,100
120,276.0,1,100,150,0.91,0.98,1977,4676,100
121,337.0,5,100,100,0.91,0.91,1681,1681,100
122,338.0,5,100,100,0.98,0.98,2098,2098,100
123,448.0,8,100,100,1.0,1.0,1438,1438,100
124,381.0,6,100,100,0.99,0.99,1792,1792,100
125,405.0,7,100,100,0.98,0.98,1887,1887,100
126,269.0,1,100,150,0.85,0.91,2246,5371,150
127,372.0,6,100,100,0.98,0.98,1981,1981,100
128,382.0,6,100,100,0.99,0.99,1885,1885,100
129,411.0,7,100,100,0.95,0.95,1500,1500,100
130,258.0,0,100,200,0.8,0.89,2142,6009,300
131,359.0,6,100,100,1.0,1.0,1793,1793,100
132,342.0,5,100,100,0.9,0.9,2328,2328,100
133,234.0,0,100,200,0.63,0.84,2103,5841,300
134,394.0,7,100,100,0.96,0.96,1248,1248,100
135,273.0,1,100,150,0.88,0.96,2096,4979,150
136,354.0,5,100,100,0.99,0.99,2122,2122,100
137,269.0,1,100,150,0.92,0.94,2108,5134,100
138,362.0,6,100,100,0.96,0.96,1825,1825,100
139,315.0,3,100,150,0.91,0.97,1974,4755,100
140,250.0,0,100,200,0.8,0.95,2281,6340,150
141,544.0,9,100,100,1.0,1.0,1289,1289,100
142,264.0,1,100,150,0.87,0.92,2077,4988,150
143,405.0,7,100,100,0.99,0.99,1581,1581,100
144,412.0,7,100,100,1.0,1.0,1733,1733,100
145,399.0,7,100,100,0.96,0.96,1719,1719,100
146,307.0,3,100,150,0.93,0.95,2179,5176,100
147,298.0,2,100,150,0.95,0.97,1964,4600,100
148,326.0,4,100,100,0.96,0.96,1761,1761,100
149,364.0,6,100,100,0.96,0.96,1713,1713,100
150,239.0,0,100,200,0.76,0.93,2234,6173,200
151,535.0,9,100,100,1.0,1.0,807,807,100
152,422.0,8,100,100,0.95,0.95,1607,1607,100
153,409.0,7,100,100,0.99,0.99,1868,1868,100
154,289.0,2,100,150,0.9,0.97,1864,4490,100
155,237.0,0,100,200,0.85,0.94,2123,5967,150
156,307.0,3,100,150,0.98,1.0,2136,5129,100
157,271.0,1,100,150,0.77,0.84,2298,5515,200
158,256.0,0,100,200,0.82,0.96,2205,6157,200
159,259.0,0,100,200,0.82,0.94,2162,6038,150
160,259.0,0,100,200,0.84,0.96,2118,5894,200
161,319.0,4,100,100,0.98,0.98,2095,2095,100
162,238.0,0,100,200,0.85,0.96,2466,6703,150
163,272.0,1,100,150,0.9,0.94,2044,4907,100
164,373.0,6,100,100,0.95,0.95,1838,1838,100
165,411.0,7,100,100,0.96,0.96,1684,1684,100
166,330.0,4,100,100,0.84,0.84,1908,1908,150
167,352.0,5,100,100,0.98,0.98,2051,2051,100
168,346.0,5,100,100,0.97,0.97,1916,1916,100
169,396.0,7,100,100,1.0,1.0,1842,1842,100
170,377.0,6,100,100,0.94,0.94,2008,2008,100
171,296.0,2,100,150,0.92,0.96,2056,4865,100
172,251.0,0,100,200,0.9,0.97,2225,6233,100
173,281.0,2,100,150,0.84,0.91,1938,4666,150
174,362.0,6,100,100,0.96,0.96,1739,1739,100
175,369.0,6,100,100,0.96,0.96,2040,2040,100
176,342.0,5,100,100,0.96,0.96,2014,2014,100
177,322.0,4,100,100,0.98,0.98,2233,2233,100
178,257.0,0,100,200,0.92,0.99,2129,5766,100
179,215.0,0,100,200,0.82,0.96,2381,6317,150
180,419.0,7,100,100,0.97,0.97,1819,1819,100
181,270.0,1,100,150,0.85,0.91,2157,5062,150
182,339.0,5,100,100,0.97,0.97,1939,1939,100
183,307.0,3,100,150,0.96,0.99,2002,4791,100
184,362.0,6,100,100,0.94,0.94,1899,1899,100
185,606.0,9,100,100,1.0,1.0,933,933,100
186,368.0,6,100,100,0.99,0.99,1517,1517,100
187,336.0,5,100,100,0.95,0.95,2334,2334,100
188,345.0,5,100,100,0.95,0.95,1824,1824,100
189,434.0,8,100,100,0.99,0.99,1674,1674,100
190,484.0,8,100,100,0.99,0.99,1239,1239,100
191,312.0,3,100,150,0.97,0.99,2069,5014,100
192,225.0,0,100,200,0.76,0.96,2373,6653,200
193,344.0,5,100,100,0.96,0.96,1870,1870,100
194,344.0,5,100,100,0.91,0.91,2136,2136,100
195,305.0,3,100,150,0.91,0.93,2164,5096,100
196,264.0,1,100,150,0.87,0.94,2346,5641,150
197,305.0,3,100,150,0.95,0.99,2033,4874,100
198,489.0,9,100,100,0.99,0.99,934,934,100
199,262.0,1,100,150,0.81,0.87,2350,5580,200
200,357.0,6,100,100,0.94,0.94,1850,1850,100
201,290.0,2,100,150,0.91,0.93,1734,4080,100
202,314.0,3,100,150,0.9,0.99,2227,5350,100
203,380.0,6,100,100,0.98,0.98,1818,1818,100
204,332.0,4,100,100,0.95,0.95,1738,1738,100
205,382.0,6,100,100,0.95,0.95,1886,1886,100
206,379.0,6,100,100,0.94,0.94,1541,1541,100
207,298.0,2,100,150,0.97,0.99,1873,4479,100
208,358.0,6,100,100,0.99,0.99,1576,1576,100
209,359.0,6,100,100,0.94,0.94,1357,1357,100
210,211.0,0,100,200,0.85,0.92,2500,6852,150
211,389.0,7,100,100,0.96,0.96,1610,1610,100
212,427.0,8,100,100,0.97,0.97,1517,1517,100
213,321.0,4,100,100,0.93,0.93,2005,2005,100
214,252.0,0,100,200,0.86,0.95,2284,6229,150
215,392.0,7,100,100,0.97,0.97,1529,1529,100
216,247.0,0,100,200,0.81,0.95,2204,6231,150
217,271.0,1,100,150,0.88,0.95,2119,5151,150
218,265.0,1,100,150,0.85,0.91,2313,5491,150
219,306.0,3,100,150,0.88,0.95,1993,4774,150
220,322.0,4,100,100,0.89,0.89,2101,2101,150
221,291.0,2,100,150,0.93,0.95,2152,5182,100
222,267.0,1,100,150,0.92,0.96,2204,5225,100
223,244.0,0,100,200,0.92,0.99,2274,6432,100
224,326.0,4,100,100,0.91,0.91,1957,1957,100
225,219.0,0,100,200,0.66,0.82,2354,6561,300
226,244.0,0,100,200,0.87,0.94,2225,6190,150
227,249.0,0,100,200,0.87,0.92,2211,6159,200
228,287.0,2,100,150,0.88,0.94,2163,5171,150
229,346.0,5,100,100,0.94,0.94,1937,1937,100
230,416.0,7,100,100,0.97,0.97,1359,1359,100
231,425.0,8,100,100,0.96,0.96,1981,1981,100
232,474.0,8,100,100,0.99,0.99,1445,1445,100
233,301.0,3,100,150,0.87,0.96,1964,4804,150
234,312.0,3,100,150,0.97,0.99,1942,4632,100
235,382.0,6,100,100,0.93,0.93,1773,1773,100
236,438.0,8,100,100,0.97,0.97,1678,1678,100
237,358.0,6,100,100,0.93,0.93,1918,1918,100
238,265.0,1,100,150,0.84,0.94,2162,5210,150
239,276.0,1,100,150,0.9,0.96,2193,5309,100
240,388.0,7,100,100,0.97,0.97,1623,1623,100
241,287.0,2,100,150,0.8,0.94,2094,5041,150
242,225.0,0,100,200,0.74,0.87,2527,6900,400
243,282.0,2,100,150,0.86,0.93,1934,4674,150
244,282.0,2,100,150,0.82,0.87,2206,5358,200
245,328.0,4,100,100,0.92,0.92,2094,2094,100
246,245.0,0,100,200,0.82,0.89,2358,6479,300
247,372.0,6,100,100,0.99,0.99,1866,1866,100
248,248.0,0,100,200,0.74,0.88,2228,6328,300
249,303.0,3,100,150,0.91,0.95,2309,5519,100
250,255.0,0,100,200,0.84,0.95,2204,6178,150
251,238.0,0,100,200,0.8,0.94,2271,6396,200
252,275.0,1,100,150,0.9,0.99,2130,5163,100
253,394.0,7,100,100,1.0,1.0,1669,1669,100
254,214.0,0,100,200,0.78,0.88,2589,7080,300
255,340.0,5,100,100,0.86,0.86,2076,2076,150
256,256.0,0,100,200,0.8,0.94,2057,5747,200
257,248.0,0,100,200,0.82,0.9,2187,6162,200
258,313.0,3,100,150,0.87,0.95,2000,4709,150
259,235.0,0,100,200,0.77,0.92,2036,5694,200
260,276.0,1,100,150,0.9,0.93,2056,4864,100
261,253.0,0,100,200,0.81,0.99,2098,5835,150
262,251.0,0,100,200,0.72,0.92,2520,7049,200
263,505.0,9,100,100,0.99,0.99,1342,1342,100
264,379.0,6,100,100,0.97,0.97,1944,1944,100
265,516.0,9,100,100,1.0,1.0,1200,1200,100
266,396.0,7,100,100,0.98,0.98,1899,1899,100
267,337.0,5,100,100,0.94,0.94,1815,1815,100
268,271.0,1,100,150,0.79,0.87,2302,5591,200
269,412.0,7,100,100,0.99,0.99,1491,1491,100
270,265.0,1,100,150,0.8,0.88,2286,5461,200
271,298.0,2,100,150,0.86,0.99,1816,4344,150
272,278.0,1,100,150,0.87,0.94,2098,5012,150
273,403.0,7,100,100,0.98,0.98,1892,1892,100
274,210.0,0,100,200,0.83,0.93,2567,7086,200
275,360.0,6,100,100,0.97,0.97,1757,1757,100
276,265.0,1,100,150,0.88,0.92,1983,4837,150
277,261.0,1,100,150,0.76,0.87,2187,5308,200
278,262.0,1,100,150,0.87,0.94,2314,5573,150
279,295.0,2,100,150,0.85,0.92,2057,4909,150
280,296.0,2,100,150,0.92,0.95,1725,4086,100
281,324.0,4,100,100,0.89,0.89,2084,2084,150
282,321.0,4,100,100,0.85,0.85,2179,2179,150
283,290.0,2,100,150,0.9,0.95,2140,5194,100
284,325.0,4,100,100,0.97,0.97,2015,2015,100
285,234.0,0,100,200,0.66,0.87,2295,6518,300
286,341.0,5,100,100,0.96,0.96,1862,1862,100
287,291.0,2,100,150,0.83,0.94,2092,4980,150
288,452.0,8,100,100,0.98,0.98,1446,1446,100
289,266.0,1,100,150,0.88,0.98,2099,5132,150
290,304.0,3,100,150,0.97,0.99,2041,4850,100
291,300.0,3,100,150,0.94,0.98,2011,4809,100
292,397.0,7,100,100,0.96,0.96,1955,1955,100
293,257.0,0,100,200,0.92,0.99,2304,6369,100
294,327.0,4,100,100,0.93,0.93,2044,2044,100
295,285.0,2,100,150,0.9,0.95,2377,5665,100
296,308.0,3,100,150,0.88,0.94,2123,5052,150
297,323.0,4,100,100,0.92,0.92,2110,2110,100
298,226.0,0,100,200,0.84,0.96,2296,6447,150
299,337.0,5,100,100,0.96,0.96,2037,2037,100
300,239.0,0,100,200,0.85,0.96,2305,6448,200
301,343.0,5,100,100,0.98,0.98,1549,1549,100
302,321.0,4,100,100,0.9,0.9,2157,2157,100
303,324.0,4,100,100,0.94,0.94,2053,2053,100
304,265.0,1,100,150,0.87,0.9,2286,5489,150
305,243.0,0,100,200,0.83,0.93,2162,6049,150
306,289.0,2,100,150,0.95,0.98,2255,5345,100
307,265.0,1,100,150,0.8,0.91,2380,5751,150
308,255.0,0,100,200,0.86,0.92,2076,5885,150
309,278.0,1,100,150,0.9,0.94,2091,5050,100
310,230.0,0,100,200,0.75,0.9,2367,6738,200
311,242.0,0,100,200,0.76,0.92,2508,7002,200
312,276.0,1,100,150,0.85,0.91,2223,5381,150
313,276.0,1,100,150,0.87,0.92,2214,5280,150
314,405.0,7,100,100,0.98,0.98,1870,1870,100
315,324.0,4,100,100,0.89,0.89,2177,2177,150
316,300.0,3,100,150,0.93,0.97,2079,4970,100
317,262.0,1,100,150,0.81,0.87,2158,5180,200
318,313.0,3,100,150,0.96,0.98,2019,4891,100
319,276.0,1,100,150,0.95,0.98,2259,5390,100
320,241.0,0,100,200,0.67,0.9,2169,6220,200
321,259.0,0,100,200,0.88,0.98,2288,6288,150
322,273.0,1,100,150,0.88,0.94,2207,5229,150
323,257.0,0,100,200,0.92,0.99,2168,6075,100
324,262.0,1,100,150,0.78,0.9,2362,5575,150
325,225.0,0,100,200,0.81,0.91,2246,6112,150
326,264.0,1,100,150,0.81,0.87,2216,5278,200
327,407.0,7,100,100,1.0,1.0,1872,1872,100
328,418.0,7,100,100,0.99,0.99,1878,1878,100
329,301.0,3,100,150,0.94,0.98,1936,4537,100
330,311.0,3,100,150,0.96,0.99,1807,4120,100
331,302.0,3,100,150,0.95,0.97,2083,4927,100
332,303.0,3,100,150,0.93,0.96,2130,5152,100
333,294.0,2,100,150,0.79,0.97,2110,5003,150
334,259.0,0,100,200,0.9,0.97,2384,6627,100
335,319.0,4,100,100,0.9,0.9,2073,2073,100
336,301.0,3,100,150,0.97,0.98,1952,4582,100
337,330.0,4,100,100,0.95,0.95,2033,2033,100
338,271.0,1,100,150,0.9,0.97,2148,5156,100
339,339.0,5,100,100,0.96,0.96,1965,1965,100
340,369.0,6,100,100,0.95,0.95,2007,2007,100
341,345.0,5,100,100,0.91,0.91,2179,2179,100
342,307.0,3,100,150,0.93,0.96,2038,4815,100
343,270.0,1,100,150,0.93,0.95,2177,5249,100
344,338.0,5,100,100,0.92,0.92,2064,2064,100
345,271.0,1,100,150,0.88,0.93,2216,5381,150
346,330.0,4,100,100,0.93,0.93,1798,1798,100
347,349.0,5,100,100,0.91,0.91,1801,1801,100
348,252.0,0,100,200,0.83,0.91,2225,6200,200
349,299.0,3,100,150,0.93,1.0,2086,4927,100
350,338.0,5,100,100,0.94,0.94,2000,2000,100
351,359.0,6,100,100,0.94,0.94,2011,2011,100
352,288.0,2,100,150,0.92,0.98,2048,4825,100
353,321.0,4,100,100,0.95,0.95,1850,1850,100
354,276.0,1,100,150,0.94,0.99,2162,5170,100
355,281.0,2,100,150,0.92,0.95,2036,4875,100
356,361.0,6,100,100,0.92,0.92,2179,2179,100
357,286.0,2,100,150,0.91,0.96,2129,5189,100
358,320.0,4,100,100,0.89,0.89,2107,2107,150
359,285.0,2,100,150,0.89,0.94,2278,5364,150
360,338.0,5,100,100,0.96,0.96,1883,1883,100
361,260.0,0,100,200,0.84,0.91,2231,6408,200
362,305.0,3,100,150,0.88,0.94,2296,5526,150
363,383.0,7,100,100,0.97,0.97,1828,1828,100
364,309.0,3,100,150,0.95,0.97,2148,5206,100
365,377.0,6,100,100,0.98,0.98,1800,1800,100
366,312.0,3,100,150,0.93,0.97,2236,5312,100
367,280.0,1,100,150,0.85,0.95,1988,4741,150
368,332.0,4,100,100,0.97,0.97,2118,2118,100
369,293.0,2,100,150,0.87,0.93,2227,5305,150
370,253.0,0,100,200,0.84,0.96,2145,6012,150
371,285.0,2,100,150,0.86,0.94,2235,5395,150
372,363.0,6,100,100,0.97,0.97,1830,1830,100
373,333.0,4,100,100,0.95,0.95,1932,1932,100
374,385.0,7,100,100,0.95,0.95,1766,1766,100
375,256.0,0,100,200,0.87,0.96,2373,6419,200
376,303.0,3,100,150,0.81,0.88,2060,4949,200
377,377.0,6,100,100,0.98,0.98,1868,1868,100
378,333.0,4,100,100,0.98,0.98,1925,1925,100
379,258.0,0,100,200,0.87,0.94,2288,6442,150
380,287.0,2,100,150,0.9,0.96,2077,5011,100
381,277.0,1,100,150,0.87,0.93,2215,5329,150
382,314.0,3,100,150,0.91,0.95,1988,4767,100
383,242.0,0,100,200,0.9,0.96,2300,6373,100
384,282.0,2,100,150,0.92,0.97,1943,4669,100
385,247.0,0,100,200,0.75,0.92,2208,6115,200
386,286.0,2,100,150,0.9,0.96,2272,5340,100
387,293.0,2,100,150,0.89,0.95,2168,5146,150
388,261.0,1,100,150,0.88,0.93,2174,5214,150
389,290.0,2,100,150,0.89,0.94,2061,4968,150
390,272.0,1,100,150,0.88,0.92,2348,5663,150
391,315.0,3,100,150,0.96,0.98,2105,5032,100
392,269.0,1,100,150,0.89,0.95,2257,5436,150
393,344.0,5,100,100,0.94,0.94,1956,1956,100
394,377.0,6,100,100,0.97,0.97,1831,1831,100
395,313.0,3,100,150,0.88,0.94,2134,5197,150
396,299.0,3,100,150,0.88,0.94,2020,4795,150
397,274.0,1,100,150,0.91,0.97,2283,5444,100
398,273.0,1,100,150,0.89,0.94,2044,4937,150
399,414.0,7,100,100,0.98,0.98,1890,1890,100
400,286.0,2,100,150,0.95,0.98,2162,5086,100
401,231.0,0,100,200,0.73,0.91,2200,6230,200
402,235.0,0,100,200,0.8,0.93,2323,6573,150
403,300.0,3,100,150,0.95,0.97,2324,5486,100
404,425.0,8,100,100,0.98,0.98,1914,1914,100
405,269.0,1,100,150,0.95,0.97,2205,5276,100
406,318.0,4,100,100,0.96,0.96,2029,2029,100
407,288.0,2,100,150,0.91,0.96,2105,5121,100
408,341.0,5,100,100,0.95,0.95,2015,2015,100
409,356.0,6,100,100,0.89,0.89,1872,1872,150
410,337.0,5,100,100,0.93,0.93,2109,2109,100
411,288.0,2,100,150,0.92,0.95,1790,4266,100
412,312.0,3,100,150,0.95,0.97,2100,5035,100
413,254.0,0,100,200,0.9,0.97,2136,5834,100
414,292.0,2,100,150,0.85,0.91,2139,5248,150
415,260.0,0,100,200,0.89,0.94,2480,6599,150
416,358.0,6,100,100,0.95,0.95,1830,1830,100
417,327.0,4,100,100,0.86,0.86,2171,2171,150
418,209.0,0,100,200,0.81,0.92,2409,6566,200
419,344.0,5,100,100,0.94,0.94,2152,2152,100
420,325.0,4,100,100,0.92,0.92,2005,2005,100
421,292.0,2,100,150,0.93,0.96,1712,4091,100
422,328.0,4,100,100,0.95,0.95,1883,1883,100
423,296.0,2,100,150,0.92,0.95,1972,4702,100
424,266.0,1,100,150,0.81,0.9,2258,5430,150
425,259.0,0,100,200,0.86,0.97,2201,6126,150
426,366.0,6,100,100,0.96,0.96,1865,1865,100
427,289.0,2,100,150,0.96,0.98,2157,5136,100
428,301.0,3,100,150,0.96,0.99,2161,5235,100
429,275.0,1,100,150,0.94,0.95,2072,5012,100
430,334.0,4,100,100,0.92,0.92,2020,2020,100
431,266.0,1,100,150,0.84,0.9,1976,4816,150
432,335.0,5,100,100,0.91,0.91,2041,2041,100
433,263.0,1,100,150,0.87,0.93,2192,5266,150
434,255.0,0,100,200,0.87,0.96,2209,6213,150
435,340.0,5,100,100,0.93,0.93,2073,2073,100
436,300.0,3,100,150,0.94,0.96,1885,4549,100
437,317.0,4,100,100,0.97,0.97,1846,1846,100
438,281.0,2,100,150,0.92,0.96,2192,5300,100
439,331.0,4,100,100,0.91,0.91,2083,2083,100
440,394.0,7,100,100,0.94,0.94,1702,1702,100
441,302.0,3,100,150,0.91,0.95,1948,4723,100
442,415.0,7,100,100,0.95,0.95,1792,1792,100
443,331.0,4,100,100,0.97,0.97,2003,2003,100
444,239.0,0,100,200,0.82,0.97,2196,6176,150
445,273.0,1,100,150,0.89,0.96,2130,5086,150
446,275.0,1,100,150,0.89,0.9,2257,5372,150
447,334.0,4,100,100,0.91,0.91,2041,2041,100
448,274.0,1,100,150,0.85,0.92,1968,4729,150
449,454.0,8,100,100,1.0,1.0,1418,1418,100
450,293.0,2,100,150,0.91,0.97,2166,5222,100
451,269.0,1,100,150,0.92,0.95,2043,4865,100
452,242.0,0,100,200,0.79,0.95,2304,6399,200
453,254.0,0,100,200,0.86,0.97,2372,6644,150
454,267.0,1,100,150,0.84,0.9,2350,5687,150
455,307.0,3,100,150,0.86,0.93,2158,5132,150
456,321.0,4,100,100,0.93,0.93,2032,2032,100
457,391.0,7,100,100,0.98,0.98,1808,1808,100
458,383.0,7,100,100,0.94,0.94,1856,1856,100
459,286.0,2,100,150,0.9,0.96,2245,5382,100
460,274.0,1,100,150,0.88,0.91,2196,5310,150
461,285.0,2,100,150,0.99,0.99,1976,4672,100
462,512.0,9,100,100,0.99,0.99,1148,1148,100
463,507.0,9,100,100,1.0,1.0,1591,1591,100
464,419.0,7,100,100,1.0,1.0,1469,1469,100
465,319.0,4,100,100,0.95,0.95,2000,2000,100
466,290.0,2,100,150,0.8,0.89,2080,5031,200
467,293.0,2,100,150,0.86,0.96,2038,4966,150
468,379.0,6,100,100,0.96,0.96,1613,1613,100
469,294.0,2,100,150,0.98,0.99,1907,4493,100
470,335.0,5,100,100,0.96,0.96,1943,1943,100
471,262.0,1,100,150,0.8,0.89,1737,4066,200
472,279.0,1,100,150,0.92,0.97,1944,4609,100
473,338.0,5,100,100,0.95,0.95,1774,1774,100
474,319.0,4,100,100,0.96,0.96,2043,2043,100
475,394.0,7,100,100,0.97,0.97,1643,1643,100
476,347.0,5,100,100,0.96,0.96,1642,1642,100
477,380.0,6,100,100,0.96,0.96,1786,1786,100
478,693.0,9,100,100,1.0,1.0,834,834,100
479,327.0,4,100,100,0.95,0.95,1975,1975,100
480,675.0,9,100,100,0.99,0.99,750,750,100
481,319.0,4,100,100,0.94,0.94,1599,1599,100
482,399.0,7,100,100,0.96,0.96,1808,1808,100
483,324.0,4,100,100,0.97,0.97,1887,1887,100
484,475.0,8,100,100,1.0,1.0,1455,1455,100
485,475.0,8,100,100,1.0,1.0,1359,1359,100
486,365.0,6,100,100,0.99,0.99,1953,1953,100
487,471.0,8,100,100,0.99,0.99,1633,1633,100
488,324.0,4,100,100,0.94,0.94,2098,2098,100
489,221.0,0,100,200,0.74,0.91,2346,6595,200
490,306.0,3,100,150,0.97,1.0,1579,3687,100
491,394.0,7,100,100,0.93,0.93,1784,1784,100
492,360.0,6,100,100,0.94,0.94,1633,1633,100
493,547.0,9,100,100,0.99,0.99,891,891,100
494,275.0,1,100,150,0.87,0.97,1646,3924,150
495,374.0,6,100,100,0.97,0.97,1835,1835,100
496,450.0,8,100,100,0.98,0.98,1464,1464,100
497,239.0,0,100,200,0.85,0.93,2354,6571,150
498,412.0,7,100,100,1.0,1.0,1055,1055,100
499,253.0,0,100,200,0.92,0.96,2120,5958,100
500,308.0,3,100,150,0.88,0.93,1895,4521,150
501,279.0,1,100,150,0.89,0.95,2211,5236,150
502,471.0,8,100,100,1.0,1.0,1516,1516,100
503,298.0,2,100,150,0.92,0.97,2025,4856,100
504,433.0,8,100,100,0.99,0.99,1778,1778,100
505,369.0,6,100,100,0.95,0.95,1845,1845,100
506,290.0,2,100,150,0.78,0.86,1957,4689,200
507,320.0,4,100,100,0.84,0.84,1813,1813,150
508,266.0,1,100,150,0.88,0.92,2056,4845,150
509,438.0,8,100,100,0.98,0.98,1441,1441,100
510,376.0,6,100,100,0.97,0.97,1637,1637,100
511,268.0,1,100,150,0.91,0.95,2079,4980,100
512,247.0,0,100,200,0.75,0.86,2309,6407,300
513,298.0,2,100,150,0.86,0.93,1887,4660,150
514,599.0,9,100,100,0.99,0.99,815,815,100
515,324.0,4,100,100,0.92,0.92,2110,2110,100
516,330.0,4,100,100,0.97,0.97,2057,2057,100
517,410.0,7,100,100,0.99,0.99,1050,1050,100
518,467.0,8,100,100,0.97,0.97,1166,1166,100
519,295.0,2,100,150,0.92,0.95,1877,4456,100
520,337.0,5,100,100,0.96,0.96,1643,1643,100
521,492.0,9,100,100,1.0,1.0,966,966,100
522,375.0,6,100,100,0.98,0.98,1601,1601,100
523,286.0,2,100,150,0.91,0.92,2051,4849,100
524,333.0,4,100,100,0.91,0.91,1244,1244,100
525,318.0,4,100,100,0.9,0.9,2078,2078,100
526,447.0,8,100,100,0.99,0.99,1460,1460,100
527,427.0,8,100,100,1.0,1.0,1055,1055,100
528,252.0,0,100,200,0.77,0.92,2328,6415,200
529,290.0,2,100,150,0.93,0.96,2110,4996,100
530,444.0,8,100,100,0.98,0.98,1774,1774,100
531,293.0,2,100,150,0.95,0.98,1890,4544,100
532,656.0,9,100,100,1.0,1.0,784,784,100
533,379.0,6,100,100,0.96,0.96,1966,1966,100
534,354.0,5,100,100,0.93,0.93,1875,1875,100
535,367.0,6,100,100,0.99,0.99,1751,1751,100
536,324.0,4,100,100,0.91,0.91,1942,1942,100
537,284.0,2,100,150,0.82,0.9,2011,4861,150
538,295.0,2,100,150,0.94,0.99,1863,4463,100
539,322.0,4,100,100,0.91,0.91,2197,2197,100
540,364.0,6,100,100,0.95,0.95,1907,1907,100
541,300.0,3,100,150,0.91,0.94,2005,4781,100
542,292.0,2,100,150,0.94,0.97,2216,5275,100
543,421.0,7,100,100,1.0,1.0,1700,1700,100
544,321.0,4,100,100,0.86,0.86,2004,2004,150
545,299.0,3,100,150,0.94,0.96,2117,5035,100
546,328.0,4,100,100,0.88,0.88,1951,1951,150
547,252.0,0,100,200,0.85,0.95,2270,6337,150
548,260.0,0,100,200,0.88,0.97,2112,5817,150
549,258.0,0,100,200,0.93,0.98,2035,5375,100
550,412.0,7,100,100,0.97,0.97,1451,1451,100
551,220.0,0,100,200,0.82,0.94,2542,7068,150
552,323.0,4,100,100,0.96,0.96,1676,1676,100
553,281.0,2,100,150,0.87,0.91,2100,5040,150
554,327.0,4,100,100,0.96,0.96,1835,1835,100
555,391.0,7,100,100,0.97,0.97,1912,1912,100
556,294.0,2,100,150,0.93,0.95,2203,5218,100
557,479.0,8,100,100,0.99,0.99,1519,1519,100
558,298.0,2,100,150,0.93,0.99,2080,4994,100
559,372.0,6,100,100,0.98,0.98,1892,1892,100
560,300.0,3,100,150,0.92,0.97,1983,4755,100
561,410.0,7,100,100,0.95,0.95,1946,1946,100
562,226.0,0,100,200,0.8,0.9,2224,6303,200
563,280.0,1,100,150,0.93,0.94,2386,5682,100
564,371.0,6,100,100,0.97,0.97,1772,1772,100
565,257.0,0,100,200,0.85,0.93,2291,6335,150
566,280.0,1,100,150,0.86,0.93,2133,5130,150
567,419.0,7,100,100,0.95,0.95,1639,1639,100
568,241.0,0,100,200,0.76,0.88,2396,6797,300
569,549.0,9,100,100,1.0,1.0,1133,1133,100
570,360.0,6,100,100,0.96,0.96,1923,1923,100
571,346.0,5,100,100,0.92,0.92,1962,1962,100
572,270.0,1,100,150,0.89,0.97,2010,4815,150
573,294.0,2,100,150,0.92,0.98,2055,4939,100
574,342.0,5,100,100,0.89,0.89,2138,2138,150
575,225.0,0,100,200,0.82,0.9,2413,6745,150
576,314.0,3,100,150,0.87,0.98,1854,4472,150
577,400.0,7,100,100,0.97,0.97,1712,1712,100
578,285.0,2,100,150,0.87,0.96,2131,5115,150
579,394.0,7,100,100,1.0,1.0,1375,1375,100
580,260.0,0,100,200,0.91,0.98,2037,5685,100
581,342.0,5,100,100,0.96,0.96,1664,1664,100
582,335.0,5,100,100,0.97,0.97,1993,1993,100
583,326.0,4,100,100,0.94,0.94,1876,1876,100
584,273.0,1,100,150,0.88,0.93,2224,5308,150
585,456.0,8,100,100,0.99,0.99,1525,1525,100
586,296.0,2,100,150,0.94,0.98,2106,5072,100
587,349.0,5,100,100,0.98,0.98,2029,2029,100
588,234.0,0,100,200,0.76,0.95,2264,6342,150
589,366.0,6,100,100,0.92,0.92,1833,1833,100
590,379.0,6,100,100,0.98,0.98,1812,1812,100
591,411.0,7,100,100,0.99,0.99,1823,1823,100
592,449.0,8,100,100,0.95,0.95,1192,1192,100
593,348.0,5,100,100,0.95,0.95,1642,1642,100
594,427.0,8,100,100,0.99,0.99,1509,1509,100
595,451.0,8,100,100,0.95,0.95,1540,1540,100
596,279.0,1,100,150,0.91,0.94,2223,5319,100
597,414.0,7,100,100,0.99,0.99,1535,1535,100
598,333.0,4,100,100,0.98,0.98,2003,2003,100
599,296.0,2,100,150,0.82,0.95,2247,5405,150
600,388.0,7,100,100,0.99,0.99,1707,1707,100
601,258.0,0,100,200,0.9,0.96,2238,6334,100
602,283.0,2,100,150,0.9,0.97,2043,4981,100
603,326.0,4,100,100,0.95,0.95,1839,1839,100
604,268.0,1,100,150,0.93,0.99,2459,5763,100
605,271.0,1,100,150,0.94,0.95,2250,5368,100
606,320.0,4,100,100,0.89,0.89,2243,2243,150
607,353.0,5,100,100,0.94,0.94,1575,1575,100
608,386.0,7,100,100,0.99,0.99,1640,1640,100
609,280.0,1,100,150,0.89,0.93,2048,5004,150
610,286.0,2,100,150,0.94,0.97,2131,5209,100
611,288.0,2,100,150,0.89,0.93,1979,4851,150
612,286.0,2,100,150,0.83,0.92,2164,5193,150
613,263.0,1,100,150,0.69,0.76,2096,4987,300
614,320.0,4,100,100,0.95,0.95,2029,2029,100
615,360.0,6,100,100,0.9,0.9,1829,1829,100
616,283.0,2,100,150,0.81,0.88,2168,5165,200
617,262.0,1,100,150,0.84,0.95,2247,5402,150
618,328.0,4,100,100,0.95,0.95,1849,1849,100
619,378.0,6,100,100,0.96,0.96,1552,1552,100
620,257.0,0,100,200,0.92,0.96,2271,6474,100
621,423.0,8,100,100,0.98,0.98,1656,1656,100
622,407.0,7,100,100,0.98,0.98,1129,1129,100
623,595.0,9,100,100,1.0,1.0,984,984,100
624,484.0,8,100,100,0.98,0.98,1206,1206,100
625,715.0,9,100,100,1.0,1.0,853,853,100
626,530.0,9,100,100,1.0,1.0,1024,1024,100
627,386.0,7,100,100,0.96,0.96,1315,1315,100
628,708.0,9,100,100,1.0,1.0,881,881,100
629,610.0,9,100,100,1.0,1.0,810,810,100
630,668.0,9,100,100,1.0,1.0,862,862,100
631,555.0,9,100,100,1.0,1.0,819,819,100
632,665.0,9,100,100,1.0,1.0,876,876,100
633,675.0,9,100,100,1.0,1.0,754,754,100
634,570.0,9,100,100,1.0,1.0,957,957,100
635,565.0,9,100,100,1.0,1.0,958,958,100
636,649.0,9,100,100,1.0,1.0,975,975,100
637,413.0,7,100,100,0.99,0.99,1534,1534,100
638,503.0,9,100,100,1.0,1.0,1407,1407,100
639,550.0,9,100,100,1.0,1.0,1012,1012,100
640,553.0,9,100,100,1.0,1.0,1109,1109,100
641,386.0,7,100,100,0.93,0.93,1700,1700,100
642,525.0,9,100,100,1.0,1.0,1166,1166,100
643,402.0,7,100,100,1.0,1.0,1578,1578,100
644,322.0,4,100,100,0.95,0.95,2017,2017,100
645,372.0,6,100,100,0.95,0.95,1742,1742,100
646,283.0,2,100,150,0.94,0.96,2033,4788,100
647,250.0,0,100,200,0.88,0.96,2135,6001,150
648,419.0,7,100,100,0.97,0.97,1937,1937,100
649,275.0,1,100,150,0.93,0.98,1750,4176,100
650,344.0,5,100,100,0.95,0.95,1600,1600,100
651,415.0,7,100,100,0.99,0.99,1129,1129,100
652,591.0,9,100,100,1.0,1.0,865,865,100
653,418.0,7,100,100,0.99,0.99,1309,1309,100
654,485.0,8,100,100,1.0,1.0,1044,1044,100
655,340.0,5,100,100,0.94,0.94,1778,1778,100
656,480.0,8,100,100,0.99,0.99,1484,1484,100
657,298.0,2,100,150,0.85,0.91,1782,4334,150
658,655.0,9,100,100,1.0,1.0,884,884,100
659,452.0,8,100,100,1.0,1.0,1684,1684,100
660,530.0,9,100,100,0.99,0.99,1070,1070,100
661,292.0,2,100,150,0.95,0.96,2129,5112,100
662,419.0,7,100,100,1.0,1.0,1028,1028,100
663,440.0,8,100,100,0.99,0.99,1321,1321,100
664,261.0,1,100,150,0.86,0.93,2091,4971,150
665,298.0,2,100,150,0.93,0.99,1749,4277,100
666,243.0,0,100,200,0.82,0.94,2314,6354,200
667,347.0,5,100,100,0.97,0.97,1429,1429,100
668,470.0,8,100,100,1.0,1.0,1434,1434,100
669,393.0,7,100,100,0.99,0.99,1843,1843,100
670,322.0,4,100,100,0.91,0.91,1863,1863,100
671,391.0,7,100,100,0.99,0.99,1351,1351,100
672,484.0,8,100,100,1.0,1.0,1546,1546,100
673,301.0,3,100,150,0.97,0.98,1865,4331,100
674,429.0,8,100,100,0.98,0.98,1564,1564,100
675,337.0,5,100,100,0.99,0.99,1781,1781,100
676,377.0,6,100,100,0.93,0.93,1972,1972,100
677,407.0,7,100,100,1.0,1.0,1333,1333,100
678,463.0,8,100,100,0.99,0.99,948,948,100
679,321.0,4,100,100,0.93,0.93,1823,1823,100
680,353.0,5,100,100,1.0,1.0,1939,1939,100
681,404.0,7,100,100,0.98,0.98,1590,1590,100
682,391.0,7,100,100,0.97,0.97,1808,1808,100
683,406.0,7,100,100,0.99,0.99,1454,1454,100
684,449.0,8,100,100,1.0,1.0,1078,1078,100
685,310.0,3,100,150,0.84,0.98,2057,4903,150
686,526.0,9,100,100,0.99,0.99,990,990,100
687,367.0,6,100,100,0.99,0.99,1759,1759,100
688,364.0,6,100,100,0.93,0.93,1965,1965,100
689,537.0,9,100,100,1.0,1.0,1302,1302,100
690,334.0,4,100,100,0.95,0.95,1950,1950,100
691,403.0,7,100,100,0.97,0.97,1376,1376,100
692,345.0,5,100,100,0.98,0.98,1568,1568,100
693,279.0,1,100,150,0.88,0.92,2093,5059,150
694,496.0,9,100,100,1.0,1.0,1387,1387,100
695,541.0,9,100,100,1.0,1.0,1311,1311,100
696,477.0,8,100,100,0.99,0.99,1642,1642,100
697,623.0,9,100,100,1.0,1.0,1003,1003,100
698,398.0,7,100,100,0.99,0.99,1228,1228,100
699,687.0,9,100,100,1.0,1.0,923,923,100
700,586.0,9,100,100,1.0,1.0,1254,1254,100
701,280.0,1,100,150,0.87,0.94,2129,5074,150
702,412.0,7,100,100,1.0,1.0,1762,1762,100
703,278.0,1,100,150,0.95,0.98,2280,5423,100
704,459.0,8,100,100,0.99,0.99,1445,1445,100
705,411.0,7,100,100,0.99,0.99,1759,1759,100
706,368.0,6,100,100,0.98,0.98,1559,1559,100
707,342.0,5,100,100,0.9,0.9,1708,1708,100
708,378.0,6,100,100,0.92,0.92,1585,1585,100
709,489.0,9,100,100,1.0,1.0,1496,1496,100
710,366.0,6,100,100,0.99,0.99,2016,2016,100
711,267.0,1,100,150,0.86,0.91,2414,5765,150
712,308.0,3,100,150,0.91,0.92,2226,5336,100
713,301.0,3,100,150,0.95,0.99,1999,4816,100
714,301.0,3,100,150,0.92,0.95,2028,4844,100
715,249.0,0,100,200,0.91,0.97,2211,6198,100
716,457.0,8,100,100,0.97,0.97,1555,1555,100
717,253.0,0,100,200,0.86,0.99,2240,6327,150
718,230.0,0,100,200,0.76,0.94,2173,6206,150
719,309.0,3,100,150,0.88,0.91,2135,5084,150
720,304.0,3,100,150,0.9,0.97,2104,4979,100
721,401.0,7,100,100,1.0,1.0,1743,1743,100
722,311.0,3,100,150,0.96,0.96,2115,5109,100
723,279.0,1,100,150,0.92,0.96,1971,4680,100
724,379.0,6,100,100,0.94,0.94,1629,1629,100
725,516.0,9,100,100,1.0,1.0,1517,1517,100
726,334.0,4,100,100,0.9,0.9,2028,2028,100
727,310.0,3,100,150,0.89,0.96,1778,4226,150
728,274.0,1,100,150,0.89,0.97,2235,5416,150
729,298.0,2,100,150,0.91,0.92,2185,5184,100
730,230.0,0,100,200,0.81,0.94,2315,6559,200
731,303.0,3,100,150,0.94,0.95,2057,4931,100
732,545.0,9,100,100,1.0,1.0,1211,1211,100
733,565.0,9,100,100,1.0,1.0,891,891,100
734,289.0,2,100,150,0.92,0.98,1971,4740,100
735,270.0,1,100,150,0.76,0.92,2136,5230,150
736,285.0,2,100,150,0.89,0.95,2094,4952,150
737,272.0,1,100,150,0.84,0.9,2172,5256,150
738,311.0,3,100,150,0.95,0.98,2075,4860,100
739,328.0,4,100,100,0.98,0.98,1898,1898,100
740,398.0,7,100,100,0.99,0.99,1653,1653,100
741,284.0,2,100,150,0.92,0.98,2021,4751,100
742,360.0,6,100,100,0.94,0.94,1713,1713,100
743,370.0,6,100,100,0.98,0.98,1738,1738,100
744,289.0,2,100,150,0.91,0.92,2019,4946,100
745,441.0,8,100,100,1.0,1.0,1454,1454,100
746,407.0,7,100,100,0.98,0.98,1292,1292,100
747,267.0,1,100,150,0.89,0.94,2328,5647,150
748,264.0,1,100,150,0.88,0.96,2269,5450,150
749,480.0,8,100,100,1.0,1.0,1408,1408,100
750,275.0,1,100,150,0.92,0.94,2104,5080,100
751,303.0,3,100,150,0.9,0.97,2013,4780,100
752,370.0,6,100,100,0.96,0.96,1959,1959,100
753,334.0,4,100,100,0.91,0.91,1720,1720,100
754,287.0,2,100,150,0.89,0.97,1885,4529,150
755,349.0,5,100,100,0.95,0.95,1481,1481,100
756,331.0,4,100,100,0.97,0.97,1803,1803,100
757,381.0,6,100,100,0.96,0.96,1723,1723,100
758,535.0,9,100,100,1.0,1.0,1381,1381,100
759,398.0,7,100,100,0.97,0.97,1705,1705,100
760,317.0,4,100,100,0.88,0.88,2126,2126,150
761,537.0,9,100,100,1.0,1.0,1208,1208,100
762,361.0,6,100,100,0.98,0.98,1726,1726,100
763,285.0,2,100,150,0.85,0.94,2142,5186,150
764,546.0,9,100,100,1.0,1.0,1269,1269,100
765,492.0,9,100,100,1.0,1.0,1160,1160,100
766,445.0,8,100,100,0.99,0.99,1523,1523,100
767,452.0,8,100,100,0.99,0.99,1839,1839,100
768,419.0,7,100,100,0.95,0.95,1308,1308,100
769,406.0,7,100,100,0.99,0.99,1730,1730,100
770,338.0,5,100,100,0.98,0.98,1983,1983,100
771,288.0,2,100,150,0.94,0.98,2178,5103,100
772,303.0,3,100,150,0.89,0.92,2247,5382,150
773,258.0,0,100,200,0.85,0.92,2208,6345,150
774,576.0,9,100,100,0.99,0.99,766,766,100
775,218.0,0,100,200,0.73,0.82,2222,6333,400
776,528.0,9,100,100,1.0,1.0,1341,1341,100
777,466.0,8,100,100,0.98,0.98,1412,1412,100
778,368.0,6,100,100,0.95,0.95,2009,2009,100
779,331.0,4,100,100,0.97,0.97,1695,1695,100
780,228.0,0,100,200,0.8,0.91,2372,6799,200
781,410.0,7,100,100,0.96,0.96,1513,1513,100
782,334.0,4,100,100,0.91,0.91,2009,2009,100
783,335.0,5,100,100,0.97,0.97,1731,1731,100
784,358.0,6,100,100,0.96,0.96,1654,1654,100
785,459.0,8,100,100,0.99,0.99,1125,1125,100
786,344.0,5,100,100,0.97,0.97,2003,2003,100
787,240.0,0,100,200,0.81,0.9,2195,5806,200
788,313.0,3,100,150,0.86,0.99,2000,4792,150
789,280.0,1,100,150,0.84,0.95,1986,4856,150
790,490.0,9,100,100,0.97,0.97,1489,1489,100
791,240.0,0,100,200,0.64,0.81,2045,6118,400
792,240.0,0,100,200,0.75,0.86,2307,6468,300
793,233.0,0,100,200,0.79,0.91,2206,6183,200
794,440.0,8,100,100,1.0,1.0,1463,1463,100
795,291.0,2,100,150,0.94,0.97,2156,5122,100
796,454.0,8,100,100,1.0,1.0,1470,1470,100
797,562.0,9,100,100,1.0,1.0,1166,1166,100
798,559.0,9,100,100,0.99,0.99,955,955,100
799,358.0,6,100,100,0.97,0.97,1788,1788,100
800,387.0,7,100,100,0.98,0.98,1575,1575,100
801,345.0,5,100,100,0.95,0.95,1750,1750,100
802,372.0,6,100,100,0.97,0.97,1864,1864,100
803,346.0,5,100,100,0.97,0.97,1653,1653,100
804,410.0,7,100,100,0.94,0.94,1841,1841,100
805,433.0,8,100,100,1.0,1.0,1401,1401,100
806,678.0,9,100,100,1.0,1.0,866,866,100
807,496.0,9,100,100,0.98,0.98,1299,1299,100
808,417.0,7,100,100,1.0,1.0,1730,1730,100
809,498.0,9,100,100,1.0,1.0,1338,1338,100
810,337.0,5,100,100,0.96,0.96,1843,1843,100
811,397.0,7,100,100,1.0,1.0,1720,1720,100
812,508.0,9,100,100,1.0,1.0,1343,1343,100
813,232.0,0,100,200,0.82,0.95,2234,6125,200
814,538.0,9,100,100,0.99,0.99,1243,1243,100
815,480.0,8,100,100,0.99,0.99,1333,1333,100
816,344.0,5,100,100,0.98,0.98,2113,2113,100
817,336.0,5,100,100,0.97,0.97,1701,1701,100
818,418.0,7,100,100,1.0,1.0,1437,1437,100
819,359.0,6,100,100,0.95,0.95,1971,1971,100
820,541.0,9,100,100,1.0,1.0,1287,1287,100
821,472.0,8,100,100,1.0,1.0,1544,1544,100
822,303.0,3,100,150,0.94,0.98,2000,4782,100
823,281.0,2,100,150,0.91,0.97,2077,4954,100
824,307.0,3,100,150,0.89,0.95,2163,5230,150
825,381.0,6,100,100,0.95,0.95,1969,1969,100
826,271.0,1,100,150,0.82,0.91,2172,5224,150
827,310.0,3,100,150,0.94,0.97,2210,5251,100
828,324.0,4,100,100,0.94,0.94,1915,1915,100
829,371.0,6,100,100,0.98,0.98,2014,2014,100
830,387.0,7,100,100,1.0,1.0,2017,2017,100
831,462.0,8,100,100,0.98,0.98,1643,1643,100
832,355.0,5,100,100,0.96,0.96,1897,1897,100
833,294.0,2,100,150,0.96,0.99,2225,5278,100
834,267.0,1,100,150,0.89,0.91,2218,5324,150
835,411.0,7,100,100,1.0,1.0,1886,1886,100
836,317.0,4,100,100,0.94,0.94,1969,1969,100
837,347.0,5,100,100,0.91,0.91,1819,1819,100
838,291.0,2,100,150,0.95,0.96,2148,5086,100
839,285.0,2,100,150,0.86,0.93,2102,5126,150
840,310.0,3,100,150,0.9,0.96,1987,4799,100
841,227.0,0,100,200,0.69,0.88,2373,6651,300
842,276.0,1,100,150,0.82,0.91,1974,4825,150
843,350.0,5,100,100,0.97,0.97,1974,1974,100
844,244.0,0,100,200,0.86,0.99,2237,6213,150
845,252.0,0,100,200,0.84,0.92,2163,5984,200
846,293.0,2,100,150,0.91,0.95,2212,5306,100
847,341.0,5,100,100,0.95,0.95,1973,1973,100
848,369.0,6,100,100,0.96,0.96,1943,1943,100
849,336.0,5,100,100,0.96,0.96,2119,2119,100
850,325.0,4,100,100,0.95,0.95,2119,2119,100
851,280.0,1,100,150,0.87,0.97,2005,4799,150
852,311.0,3,100,150,0.92,0.98,1990,4810,100
853,447.0,8,100,100,0.97,0.97,1684,1684,100
854,262.0,1,100,150,0.88,0.94,2130,5040,150
855,369.0,6,100,100,0.98,0.98,1773,1773,100
856,428.0,8,100,100,1.0,1.0,1514,1514,100
857,334.0,4,100,100,0.92,0.92,2059,2059,100
858,307.0,3,100,150,0.83,0.92,2143,5078,150
859,280.0,1,100,150,0.94,0.97,2027,4771,100
860,316.0,4,100,100,0.89,0.89,2322,2322,150
861,256.0,0,100,200,0.86,0.9,2242,6211,200
862,310.0,3,100,150,0.88,0.97,2039,4948,150
863,398.0,7,100,100,0.98,0.98,1713,1713,100
864,294.0,2,100,150,0.95,0.98,2098,5027,100
865,324.0,4,100,100,0.94,0.94,2010,2010,100
866,310.0,3,100,150,0.9,0.93,2088,5038,100
867,293.0,2,100,150,0.95,0.99,1934,4629,100
868,271.0,1,100,150,0.95,0.98,2181,5217,100
869,380.0,6,100,100,0.98,0.98,1752,1752,100
870,252.0,0,100,200,0.87,0.94,2349,6620,150
871,268.0,1,100,150,0.91,0.93,2047,4885,100
872,339.0,5,100,100,0.95,0.95,2049,2049,100
873,288.0,2,100,150,0.93,1.0,2102,5089,100
874,548.0,9,100,100,1.0,1.0,1405,1405,100
875,313.0,3,100,150,0.97,0.98,1843,4413,100
876,331.0,4,100,100,0.98,0.98,1951,1951,100
877,256.0,0,100,200,0.91,0.94,2222,5976,100
878,377.0,6,100,100,0.98,0.98,1846,1846,100
879,281.0,2,100,150,0.94,0.96,1986,4812,100
880,367.0,6,100,100,0.96,0.96,2068,2068,100
881,319.0,4,100,100,0.91,0.91,2006,2006,100
882,494.0,9,100,100,0.97,0.97,1369,1369,100
883,360.0,6,100,100,0.98,0.98,1770,1770,100
884,317.0,4,100,100,0.9,0.9,2011,2011,100
885,306.0,3,100,150,0.87,0.96,2040,4900,150
886,293.0,2,100,150,0.9,0.93,2173,5218,100
887,240.0,0,100,200,0.87,0.96,2323,6369,150
888,216.0,0,100,200,0.82,0.92,2289,6386,200
889,289.0,2,100,150,0.91,0.98,2111,4975,100
890,335.0,5,100,100,0.89,0.89,2007,2007,150
891,378.0,6,100,100,0.99,0.99,1690,1690,100
892,291.0,2,100,150,0.84,0.92,2195,5214,150
893,310.0,3,100,150,0.95,0.97,1975,4629,100
894,284.0,2,100,150,0.94,0.99,2164,5175,100
895,318.0,4,100,100,0.93,0.93,1803,1803,100
896,314.0,3,100,150,0.89,0.92,2053,5007,150
897,335.0,5,100,100,0.99,0.99,2006,2006,100
898,337.0,5,100,100,0.99,0.99,2001,2001,100
899,292.0,2,100,150,0.91,0.97,2211,5289,100
900,261.0,1,100,150,0.85,0.93,2253,5444,150
901,334.0,4,100,100,0.91,0.91,2117,2117,100
902,415.0,7,100,100,0.99,0.99,1720,1720,100
903,336.0,5,100,100,0.95,0.95,1945,1945,100
904,284.0,2,100,150,0.89,0.97,2057,5008,150
905,327.0,4,100,100,0.98,0.98,1999,1999,100
906,264.0,1,100,150,0.83,0.91,2200,5360,150
907,345.0,5,100,100,0.93,0.93,1867,1867,100
908,254.0,0,100,200,0.83,0.96,2173,6166,150
909,266.0,1,100,150,0.94,0.96,2101,5029,100
910,321.0,4,100,100,0.98,0.98,2218,2218,100
911,291.0,2,100,150,0.87,0.92,2273,5398,150
912,249.0,0,100,200,0.65,0.85,2229,6418,300
913,369.0,6,100,100,0.97,0.97,1849,1849,100
914,275.0,1,100,150,0.82,0.88,2256,5474,200
915,339.0,5,100,100,0.95,0.95,1779,1779,100
916,319.0,4,100,100,0.95,0.95,2148,2148,100
917,414.0,7,100,100,0.98,0.98,1532,1532,100
918,286.0,2,100,150,0.94,1.0,1964,4726,100
919,322.0,4,100,100,0.98,0.98,1969,1969,100
920,307.0,3,100,150,0.91,0.96,2070,5001,100
921,279.0,1,100,150,0.91,0.98,2355,5606,100
922,373.0,6,100,100,0.98,0.98,1868,1868,100
923,263.0,1,100,150,0.78,0.89,2182,5292,200
924,311.0,3,100,150,0.97,1.0,2051,4908,100
925,422.0,8,100,100,1.0,1.0,1733,1733,100
926,433.0,8,100,100,0.98,0.98,1508,1508,100
927,357.0,6,100,100,0.98,0.98,1698,1698,100
928,408.0,7,100,100,0.95,0.95,1983,1983,100
929,265.0,1,100,150,0.85,0.93,2161,5189,150
930,252.0,0,100,200,0.84,0.93,2398,6818,200
931,393.0,7,100,100,0.98,0.98,1908,1908,100
932,388.0,7,100,100,0.95,0.95,1745,1745,100
933,400.0,7,100,100,0.99,0.99,1719,1719,100
934,290.0,2,100,150,0.9,0.95,2103,5104,100
935,382.0,6,100,100,0.97,0.97,1744,1744,100
936,295.0,2,100,150,0.9,0.96,2140,5224,100
937,220.0,0,100,200,0.81,0.93,2298,6499,200
938,313.0,3,100,150,0.92,0.97,1962,4614,100
939,335.0,5,100,100,0.91,0.91,1892,1892,100
940,298.0,2,100,150,0.88,0.92,2252,5438,150
941,297.0,2,100,150,0.94,0.98,2330,5567,100
942,408.0,7,100,100,0.98,0.98,1784,1784,100
943,308.0,3,100,150,0.94,0.98,2092,4964,100
944,367.0,6,100,100,0.96,0.96,1674,1674,100
945,552.0,9,100,100,1.0,1.0,1344,1344,100
946,316.0,4,100,100,0.95,0.95,2111,2111,100
947,352.0,5,100,100,0.92,0.92,1940,1940,100
948,276.0,1,100,150,0.91,0.94,2229,5399,100
949,261.0,1,100,150,0.82,0.92,2203,5288,150
950,355.0,5,100,100,0.98,0.98,1981,1981,100
951,322.0,4,100,100,0.9,0.9,1934,1934,100
952,304.0,3,100,150,0.95,0.98,2126,5090,100
953,270.0,1,100,150,0.85,0.89,2174,5212,200
954,374.0,6,100,100,0.98,0.98,1748,1748,100
955,329.0,4,100,100,0.95,0.95,1800,1800,100
956,337.0,5,100,100,0.96,0.96,1993,1993,100
957,298.0,2,100,150,0.92,0.95,2145,5118,100
958,253.0,0,100,200,0.83,0.94,2319,6409,200
959,274.0,1,100,150,0.88,0.93,2098,5009,150
960,299.0,3,100,150,0.93,0.97,1929,4658,100
961,351.0,5,100,100,0.98,0.98,1873,1873,100
962,362.0,6,100,100,0.97,0.97,2002,2002,100
963,276.0,1,100,150,0.91,0.93,2202,5260,100
964,296.0,2,100,150,0.89,0.94,2224,5285,150
965,333.0,4,100,100,0.97,0.97,1939,1939,100
966,400.0,7,100,100,1.0,1.0,1829,1829,100
967,260.0,0,100,200,0.85,0.93,2150,5973,150
968,295.0,2,100,150,0.92,0.93,1869,4396,100
969,317.0,4,100,100,0.95,0.95,1847,1847,100
970,357.0,6,100,100,0.93,0.93,1996,1996,100
971,366.0,6,100,100,1.0,1.0,1912,1912,100
972,363.0,6,100,100,0.99,0.99,1477,1477,100
973,343.0,5,100,100,0.94,0.94,1879,1879,100
974,429.0,8,100,100,1.0,1.0,1387,1387,100
975,304.0,3,100,150,0.94,0.97,1808,4395,100
976,408.0,7,100,100,0.98,0.98,1583,1583,100
977,240.0,0,100,200,0.89,0.95,2148,6023,150
978,454.0,8,100,100,0.98,0.98,1575,1575,100
979,392.0,7,100,100,0.97,0.97,1432,1432,100
980,337.0,5,100,100,0.93,0.93,2091,2091,100
981,289.0,2,100,150,0.9,0.97,2179,5141,100
982,283.0,2,100,150,0.91,0.95,2032,4819,100
983,308.0,3,100,150,0.95,0.98,1835,4354,100
984,279.0,1,100,150,0.91,0.94,2209,5265,100
985,323.0,4,100,100,0.92,0.92,2027,2027,100
986,324.0,4,100,100,0.98,0.98,1992,1992,100
987,398.0,7,100,100,0.99,0.99,1846,1846,100
988,368.0,6,100,100,1.0,1.0,1837,1837,100
989,296.0,2,100,150,0.84,0.94,1995,4780,150
990,397.0,7,100,100,1.0,1.0,1878,1878,100
991,208.0,0,100,200,0.69,0.86,2461,6803,300
992,298.0,2,100,150,0.95,0.98,2070,4949,100
993,298.0,2,100,150,0.9,0.94,2055,4992,100
994,367.0,6,100,100,0.94,0.94,1765,1765,100
995,379.0,6,100,100,0.99,0.99,1837,1837,100
996,298.0,2,100,150,0.96,0.98,1933,4587,100
997,417.0,7,100,100,1.0,1.0,1692,1692,100
998,340.0,5,100,100,0.93,0.93,1774,1774,100
999,231.0,0,100,200,0.79,0.96,2178,6080,200
